1.1;0;0.05;0.1;0.15;0.2;0.25;0.3;0.35;0.4;0.45;0.5;0.55;0.6;0.65;0.7;0.75;0.8;0.85;0.9;0.95
0;0.036123;0.036097;0.036013;0.035871;0.03567;0.035419;0.035141;0.034852;0.034582;0.034362;0.034226;0.034204;0.034266;0.034387;0.034527;0.034684;0.034854;0.035001;0.035147;0.035323
500;0.036073;0.036045;0.035964;0.035818;0.035616;0.035374;0.035099;0.034813;0.03454;0.03431;0.034155;0.034116;0.034161;0.034266;0.034399;0.034549;0.034716;0.034892;0.035038;0.035196
1000;0.036011;0.035982;0.035898;0.035757;0.035565;0.035332;0.035066;0.034788;0.034517;0.034285;0.034121;0.03406;0.034079;0.034162;0.034277;0.034419;0.034578;0.034754;0.034931;0.03508
1500;0.035921;0.035895;0.035819;0.03569;0.035506;0.035287;0.035034;0.034768;0.034504;0.034277;0.034114;0.034042;0.03403;0.034079;0.034169;0.034294;0.034446;0.034614;0.0348;0.034973
2000;0.035839;0.035814;0.03574;0.03562;0.035447;0.035238;0.034995;0.034742;0.034493;0.034277;0.034123;0.034048;0.034019;0.03403;0.034084;0.034182;0.034317;0.034478;0.034658;0.034852
2500;0.035752;0.035728;0.035659;0.035547;0.03539;0.035195;0.03497;0.034727;0.034488;0.034279;0.03414;0.034068;0.034031;0.03402;0.034032;0.034093;0.034201;0.034347;0.034517;0.034707
3000;0.035653;0.035631;0.035567;0.035464;0.035319;0.035139;0.03493;0.034707;0.034487;0.034298;0.034174;0.034098;0.034056;0.034033;0.034021;0.034037;0.034106;0.034225;0.034383;0.034563
3500;0.035544;0.035524;0.035464;0.035367;0.035235;0.035068;0.034878;0.034675;0.034476;0.034307;0.034204;0.034145;0.034105;0.034064;0.034033;0.034022;0.034043;0.034124;0.034255;0.034425
4000;0.035467;0.035447;0.035387;0.03529;0.035162;0.034997;0.034811;0.034631;0.034455;0.034308;0.034223;0.034178;0.034155;0.034122;0.034078;0.034034;0.034023;0.034052;0.034147;0.034292
4500;0.035384;0.035365;0.03531;0.03522;0.035101;0.034953;0.034783;0.034606;0.034437;0.034298;0.034231;0.034199;0.034189;0.034172;0.034137;0.034091;0.034045;0.034025;0.034066;0.034175
5000;0.035291;0.035273;0.035221;0.035138;0.035027;0.034894;0.034743;0.034585;0.034439;0.034322;0.034254;0.034211;0.034211;0.034205;0.034187;0.034151;0.034102;0.034055;0.034031;0.034085
5500;0.035185;0.035169;0.035122;0.035046;0.034946;0.034827;0.034691;0.034553;0.034426;0.034332;0.034288;0.034266;0.034252;0.034227;0.034221;0.034202;0.034163;0.034111;0.034064;0.034047
6000;0.035063;0.035049;0.035007;0.034939;0.03485;0.034746;0.034628;0.034509;0.034403;0.03433;0.034304;0.034301;0.034306;0.034293;0.034266;0.034236;0.034215;0.034173;0.034118;0.034073
6500;0.034924;0.034912;0.034875;0.034816;0.034738;0.034645;0.034547;0.034448;0.034364;0.034314;0.034309;0.03432;0.034338;0.034345;0.034333;0.034305;0.034264;0.034228;0.034181;0.034125
7000;0.03488;0.034865;0.034817;0.03474;0.034639;0.034529;0.034447;0.03437;0.034308;0.034283;0.034294;0.034322;0.034355;0.034378;0.034385;0.034373;0.034344;0.034299;0.034239;0.034188
7500;0.034855;0.03484;0.034794;0.03472;0.034624;0.034512;0.034397;0.034281;0.034233;0.03423;0.034259;0.034306;0.034354;0.034392;0.034418;0.034427;0.034413;0.034382;0.034333;0.034263
8000;0.034833;0.034818;0.034773;0.034703;0.034611;0.034503;0.034394;0.034289;0.0342;0.034155;0.034204;0.034267;0.034333;0.034389;0.034432;0.03446;0.03447;0.034454;0.034419;0.034366
8500;0.034812;0.034798;0.034755;0.034688;0.034599;0.034497;0.034389;0.034294;0.034214;0.034172;0.034156;0.034207;0.034289;0.034363;0.034426;0.034473;0.034504;0.034514;0.034495;0.034456
9000;0.034795;0.034781;0.03474;0.034675;0.03459;0.034492;0.03439;0.0343;0.034231;0.034195;0.034182;0.03419;0.034223;0.034315;0.034397;0.034466;0.034516;0.034549;0.034558;0.034536
9500;0.03478;0.034766;0.034727;0.034664;0.034583;0.03449;0.034393;0.034308;0.034247;0.03422;0.034209;0.034219;0.03423;0.034243;0.034345;0.034435;0.034509;0.034562;0.034595;0.034602
10000;0.034767;0.034755;0.034717;0.034656;0.034578;0.03449;0.034399;0.034317;0.034264;0.034243;0.034237;0.034247;0.034259;0.034271;0.034284;0.034379;0.034476;0.034554;0.034609;0.034642
10500;0.034753;0.034742;0.034708;0.034652;0.034578;0.034493;0.034407;0.034332;0.034281;0.034266;0.034264;0.034275;0.034287;0.0343;0.034313;0.034327;0.034418;0.034521;0.034602;0.034659
11000;0.034713;0.034702;0.034671;0.034621;0.034557;0.034486;0.034417;0.03435;0.034307;0.034288;0.034291;0.034303;0.034315;0.034328;0.034342;0.034357;0.034371;0.034462;0.03457;0.034653
11500;0.034852;0.034841;0.034809;0.034759;0.034695;0.034623;0.034552;0.034485;0.034441;0.034422;0.034425;0.034437;0.034451;0.034464;0.034479;0.034494;0.03451;0.034602;0.03471;0.034795
12000;0.034993;0.034982;0.03495;0.034899;0.034835;0.034762;0.034692;0.034624;0.03458;0.034561;0.034563;0.034574;0.034587;0.034602;0.034617;0.034633;0.03465;0.034742;0.034852;0.034938
12500;0.035136;0.035125;0.035093;0.035042;0.034977;0.034904;0.034833;0.034766;0.034722;0.034703;0.034705;0.034717;0.03473;0.034743;0.034757;0.034773;0.03479;0.034883;0.034995;0.035083
13000;0.03528;0.035269;0.035237;0.035186;0.03512;0.035047;0.034976;0.034909;0.034865;0.034846;0.034849;0.034862;0.034875;0.034888;0.034902;0.034916;0.034932;0.035026;0.035139;0.035229
13500;0.035425;0.035414;0.035381;0.03533;0.035265;0.035192;0.035121;0.035054;0.035011;0.034992;0.034995;0.035007;0.03502;0.035034;0.035049;0.035065;0.035081;0.035175;0.035287;0.035377
14000;0.035572;0.03556;0.035528;0.035476;0.03541;0.035337;0.035266;0.0352;0.035157;0.035138;0.035141;0.035154;0.035168;0.035183;0.035199;0.035216;0.035233;0.035328;0.035442;0.035531
1.05;0;0.05;0.1;0.15;0.2;0.25;0.3;0.35;0.4;0.45;0.5;0.55;0.6;0.65;0.7;0.75;0.8;0.85;0.9;0.95
0;0.032928;0.032902;0.032829;0.03271;0.032553;0.032368;0.032169;0.03196;0.031761;0.031588;0.031462;0.031402;0.03143;0.031529;0.031672;0.031839;0.032026;0.03223;0.032446;0.032661
500;0.032803;0.032779;0.032705;0.032586;0.032429;0.032238;0.032034;0.031826;0.031627;0.031458;0.031335;0.031278;0.031304;0.031393;0.031528;0.031689;0.031872;0.032072;0.032286;0.032509
1000;0.032682;0.032656;0.032581;0.03246;0.0323;0.032106;0.031899;0.031689;0.03149;0.031324;0.031208;0.031161;0.031191;0.031272;0.031393;0.031545;0.03172;0.031915;0.032124;0.032348
1500;0.032562;0.032536;0.032459;0.032336;0.032174;0.031979;0.031767;0.031553;0.031354;0.031189;0.031079;0.031042;0.031086;0.031164;0.031272;0.031409;0.031574;0.03176;0.031964;0.032184
2000;0.032472;0.032445;0.032367;0.03224;0.032072;0.031869;0.031647;0.031425;0.031222;0.031057;0.030948;0.030924;0.030974;0.031062;0.031165;0.031286;0.031434;0.031609;0.031806;0.032021
2500;0.032397;0.03237;0.032292;0.032163;0.031992;0.031786;0.03156;0.03133;0.031106;0.030919;0.030806;0.030793;0.030857;0.030954;0.031064;0.031176;0.031306;0.031466;0.031652;0.031859
3000;0.032339;0.032312;0.032234;0.032105;0.031931;0.031721;0.03149;0.031244;0.031007;0.030815;0.030696;0.030675;0.030728;0.030838;0.030958;0.031075;0.031193;0.031333;0.031504;0.031701
3500;0.032298;0.032272;0.032194;0.032063;0.031891;0.031679;0.03144;0.031176;0.030932;0.030732;0.030608;0.030579;0.030625;0.030721;0.030841;0.030967;0.031089;0.031215;0.031365;0.031549
4000;0.032305;0.032278;0.032198;0.032064;0.031884;0.031665;0.031407;0.031139;0.030887;0.030678;0.030542;0.030504;0.030538;0.030625;0.030732;0.030854;0.030982;0.031108;0.031242;0.031404
4500;0.03232;0.032294;0.032217;0.032088;0.031913;0.031698;0.031437;0.031154;0.030884;0.030659;0.030507;0.030453;0.030471;0.030541;0.030635;0.030749;0.030878;0.031002;0.031132;0.031275
5000;0.03233;0.032305;0.032233;0.032112;0.031943;0.031732;0.031476;0.031205;0.030939;0.030705;0.030527;0.030437;0.03043;0.030476;0.030551;0.030651;0.030771;0.030905;0.03103;0.03116
5500;0.032324;0.032301;0.032233;0.032124;0.031968;0.031764;0.031522;0.031263;0.031005;0.030777;0.030603;0.030502;0.030446;0.030439;0.030486;0.030565;0.030672;0.030799;0.030934;0.031063
6000;0.032307;0.032285;0.032221;0.032119;0.031975;0.031781;0.031558;0.031318;0.031076;0.030859;0.030694;0.030593;0.030525;0.030483;0.030468;0.0305;0.030584;0.030697;0.03083;0.030967
6500;0.03228;0.03226;0.0322;0.032105;0.031964;0.031784;0.031579;0.031357;0.031135;0.030938;0.030794;0.030697;0.030625;0.030566;0.03052;0.030503;0.030528;0.030606;0.030726;0.030866
7000;0.032243;0.032225;0.032167;0.032072;0.03194;0.031775;0.031587;0.031384;0.031182;0.031004;0.030885;0.030804;0.030737;0.030672;0.030606;0.030555;0.030537;0.030566;0.030632;0.03076
7500;0.032185;0.032167;0.032111;0.032023;0.031904;0.031753;0.031581;0.031399;0.031219;0.031063;0.03096;0.030895;0.030846;0.030786;0.030715;0.030645;0.03059;0.030573;0.030607;0.030679
8000;0.03211;0.032093;0.032042;0.03196;0.031852;0.031716;0.031561;0.031399;0.031243;0.031113;0.03103;0.030974;0.030938;0.030894;0.030831;0.030757;0.030683;0.030625;0.03061;0.03065
8500;0.03202;0.032004;0.031958;0.031883;0.031784;0.031665;0.031527;0.031384;0.031251;0.031146;0.031087;0.031044;0.031017;0.030985;0.030939;0.030874;0.030796;0.030719;0.03066;0.030649
9000;0.031913;0.031899;0.031858;0.03179;0.031702;0.031597;0.031477;0.031355;0.031244;0.031161;0.031123;0.031103;0.031088;0.031063;0.03103;0.030983;0.030915;0.030833;0.030753;0.030696
9500;0.03179;0.031778;0.031741;0.031682;0.031603;0.031512;0.031411;0.031308;0.031218;0.031159;0.03114;0.031139;0.031144;0.031134;0.031109;0.031073;0.031025;0.030954;0.030868;0.030786
10000;0.031667;0.031652;0.031608;0.031555;0.031488;0.031409;0.031327;0.031245;0.031176;0.031139;0.031141;0.031156;0.031176;0.031185;0.031177;0.031153;0.031116;0.031066;0.030991;0.030902
10500;0.031641;0.031628;0.031585;0.031518;0.03143;0.031327;0.031226;0.031162;0.031115;0.031102;0.031119;0.031152;0.031187;0.031213;0.031225;0.031221;0.031197;0.031158;0.031105;0.031026
11000;0.031621;0.031607;0.031566;0.031502;0.031417;0.031319;0.031215;0.03112;0.031037;0.03104;0.031075;0.031125;0.031177;0.031219;0.03125;0.031267;0.031264;0.03124;0.0312;0.031144
11500;0.031747;0.031735;0.031694;0.031629;0.031544;0.031445;0.031343;0.031242;0.031161;0.031165;0.0312;0.03125;0.031302;0.031346;0.031378;0.031395;0.031392;0.031369;0.031329;0.031273
12000;0.031878;0.031864;0.031823;0.031758;0.031673;0.031574;0.031471;0.03137;0.031289;0.031293;0.031327;0.031378;0.03143;0.031474;0.031506;0.031524;0.031522;0.031499;0.031459;0.031404
12500;0.032009;0.031995;0.031954;0.031889;0.031803;0.031704;0.031598;0.031503;0.031419;0.031423;0.031458;0.03151;0.031562;0.031606;0.031637;0.031655;0.031653;0.03163;0.031591;0.031536
13000;0.032142;0.032128;0.032087;0.032021;0.031935;0.031835;0.03173;0.031634;0.03155;0.031555;0.031591;0.031644;0.031697;0.031742;0.031774;0.031791;0.031787;0.031764;0.031724;0.031669
13500;0.032277;0.032263;0.032222;0.032155;0.032069;0.031969;0.031866;0.031768;0.031683;0.031689;0.031726;0.031779;0.031834;0.031879;0.031912;0.031929;0.031925;0.031902;0.031861;0.031805
14000;0.032414;0.0324;0.032358;0.032292;0.032205;0.032105;0.032002;0.031903;0.031818;0.031825;0.031862;0.031917;0.031972;0.032019;0.032053;0.032067;0.032064;0.032043;0.031998;0.031937
1;0;0.05;0.1;0.15;0.2;0.25;0.3;0.35;0.4;0.45;0.5;0.55;0.6;0.65;0.7;0.75;0.8;0.85;0.9;0.95
0;0.030041;0.030025;0.029975;0.029897;0.029799;0.029693;0.029574;0.029447;0.029339;0.029269;0.029229;0.029216;0.029233;0.029281;0.029353;0.029446;0.029554;0.02968;0.029824;0.029981
500;0.029921;0.029922;0.029868;0.029784;0.029676;0.029558;0.029431;0.029298;0.029173;0.029088;0.029045;0.029035;0.029061;0.029124;0.029209;0.02931;0.029425;0.029558;0.029705;0.029863
1000;0.029844;0.029825;0.029767;0.029676;0.029561;0.029431;0.029293;0.029153;0.029016;0.028914;0.028864;0.028854;0.028885;0.02896;0.029059;0.029173;0.029298;0.029438;0.029586;0.029745
1500;0.029758;0.029736;0.029673;0.029577;0.029453;0.029314;0.029164;0.029013;0.028869;0.028749;0.028688;0.028674;0.028708;0.02879;0.028903;0.029032;0.029171;0.029316;0.029467;0.029628
2000;0.029692;0.029668;0.029603;0.029499;0.029366;0.029213;0.02905;0.028881;0.028728;0.028595;0.028517;0.0285;0.028536;0.028621;0.02874;0.028884;0.029037;0.029191;0.029347;0.029509
2500;0.029626;0.029602;0.029535;0.029427;0.029287;0.029125;0.028953;0.028771;0.028604;0.028459;0.028359;0.028333;0.028367;0.028455;0.028578;0.028729;0.028895;0.02906;0.029224;0.029388
3000;0.029551;0.029528;0.029461;0.029352;0.029209;0.029042;0.028862;0.02867;0.028491;0.02834;0.028225;0.02818;0.028207;0.028293;0.028418;0.028572;0.028743;0.028922;0.029096;0.029265
3500;0.029476;0.029452;0.029382;0.02927;0.029124;0.028954;0.028772;0.028575;0.028386;0.028225;0.028106;0.028045;0.028064;0.028143;0.028263;0.028415;0.028586;0.028771;0.028958;0.029136
4000;0.02942;0.029395;0.029325;0.029212;0.029062;0.028881;0.028686;0.028479;0.028287;0.028119;0.027992;0.027926;0.027935;0.028007;0.028125;0.028266;0.02843;0.028615;0.028808;0.028999
4500;0.029361;0.029336;0.029266;0.029151;0.028999;0.028818;0.028618;0.02841;0.028205;0.028025;0.027887;0.027822;0.027825;0.027887;0.027995;0.028129;0.028285;0.028458;0.02865;0.02885
5000;0.029305;0.029279;0.029208;0.029091;0.028937;0.028753;0.028551;0.028338;0.028131;0.027952;0.027816;0.027741;0.027734;0.027787;0.027879;0.028001;0.028147;0.028312;0.028494;0.028691
5500;0.029254;0.029229;0.029156;0.029038;0.028883;0.028695;0.028486;0.028269;0.02806;0.02788;0.027747;0.027679;0.027684;0.027724;0.027784;0.027885;0.028017;0.028172;0.028346;0.028536
6000;0.029214;0.029189;0.029115;0.028996;0.028837;0.028647;0.028431;0.028211;0.027999;0.027815;0.027682;0.027622;0.027633;0.02768;0.027739;0.027808;0.0279;0.028039;0.028202;0.028385
6500;0.029189;0.029164;0.02909;0.02897;0.028808;0.028608;0.02839;0.028165;0.02795;0.027765;0.027633;0.027577;0.027585;0.027633;0.027699;0.027765;0.027837;0.027933;0.028066;0.028237
7000;0.029184;0.029159;0.029085;0.028961;0.028796;0.028594;0.02837;0.028139;0.027918;0.027729;0.027598;0.027546;0.027554;0.027597;0.027654;0.027724;0.027794;0.027869;0.027971;0.028106
7500;0.029196;0.029172;0.029098;0.028974;0.028808;0.028606;0.028379;0.028141;0.027912;0.027718;0.027583;0.027528;0.027529;0.027571;0.027626;0.027685;0.027752;0.027825;0.027905;0.028014
8000;0.029215;0.02919;0.029119;0.028999;0.028836;0.028637;0.028412;0.028173;0.02794;0.027739;0.02759;0.027524;0.027519;0.027551;0.027599;0.027658;0.02772;0.027786;0.027859;0.027944
8500;0.02923;0.029207;0.029139;0.029027;0.028869;0.028678;0.028458;0.028225;0.027995;0.027794;0.027633;0.027548;0.027525;0.027546;0.02758;0.027631;0.027692;0.027759;0.027828;0.027895
9000;0.029226;0.029206;0.029143;0.029042;0.028895;0.028716;0.028508;0.028286;0.028065;0.027868;0.027707;0.027613;0.027565;0.027559;0.027576;0.027611;0.027665;0.02773;0.0278;0.027873
9500;0.029209;0.029189;0.02913;0.029035;0.028903;0.028737;0.028548;0.028345;0.028138;0.027951;0.027801;0.027707;0.027645;0.027607;0.027596;0.027608;0.027644;0.027701;0.027771;0.027844
10000;0.029181;0.029163;0.029108;0.02902;0.0289;0.028748;0.028575;0.028388;0.0282;0.028031;0.0279;0.027813;0.027748;0.027694;0.027651;0.027633;0.027642;0.02768;0.027741;0.027814
10500;0.029143;0.029126;0.029075;0.028994;0.028886;0.028748;0.02859;0.028421;0.028251;0.028098;0.02799;0.027919;0.027861;0.027802;0.027743;0.027693;0.027668;0.027677;0.027718;0.027783
11000;0.029092;0.029076;0.029031;0.028957;0.028859;0.028734;0.028592;0.028441;0.028292;0.028158;0.028066;0.028008;0.027967;0.027916;0.027854;0.027789;0.027735;0.027704;0.027714;0.027758
11500;0.029204;0.02919;0.029143;0.029069;0.028971;0.028846;0.028702;0.02855;0.0284;0.02827;0.028183;0.028125;0.028082;0.028029;0.027965;0.027899;0.027842;0.027812;0.027824;0.02787
12000;0.029321;0.029305;0.029258;0.029184;0.029084;0.02896;0.028816;0.028663;0.02851;0.02838;0.028293;0.028234;0.028191;0.028137;0.028073;0.028007;0.02795;0.027922;0.027935;0.027984
12500;0.029438;0.029422;0.029375;0.0293;0.0292;0.029075;0.02893;0.028775;0.028623;0.028492;0.028405;0.028346;0.028303;0.028248;0.028183;0.028117;0.028061;0.028033;0.028048;0.028098
13000;0.029556;0.02954;0.029493;0.029418;0.029317;0.029191;0.029046;0.028889;0.028737;0.028606;0.028519;0.028461;0.028417;0.028363;0.028298;0.028231;0.028173;0.028146;0.028162;0.028213
13500;0.029676;0.02966;0.029613;0.029537;0.029436;0.029309;0.029162;0.029004;0.028852;0.028722;0.028635;0.028576;0.028534;0.02848;0.028415;0.028349;0.028293;0.028266;0.02828;0.028331
14000;0.029798;0.029782;0.029735;0.029658;0.029557;0.029429;0.029279;0.029121;0.028968;0.028839;0.028752;0.028694;0.028651;0.028598;0.028534;0.028469;0.028416;0.028393;0.028413;0.028466
0.95;0;0.05;0.1;0.15;0.2;0.25;0.3;0.35;0.4;0.45;0.5;0.55;0.6;0.65;0.7;0.75;0.8;0.85;0.9;0.95
0;0.027706;0.027702;0.027682;0.027651;0.027613;0.027573;0.027526;0.027474;0.027412;0.027344;0.027281;0.027226;0.027188;0.027176;0.027185;0.027221;0.027274;0.02734;0.027415;0.027501
500;0.027558;0.027552;0.027529;0.027494;0.027452;0.027406;0.027357;0.027305;0.027247;0.027181;0.02712;0.027067;0.027031;0.02702;0.027038;0.02708;0.027138;0.027205;0.027285;0.027375
1000;0.027413;0.027405;0.02738;0.027341;0.027293;0.027241;0.027187;0.027135;0.02708;0.027017;0.026958;0.026908;0.026874;0.026867;0.026894;0.02694;0.027003;0.027075;0.027157;0.027252
1500;0.027273;0.027264;0.027237;0.027195;0.02714;0.02708;0.027018;0.026964;0.026911;0.026852;0.026797;0.026751;0.026721;0.026716;0.026747;0.026802;0.026869;0.026946;0.027032;0.027131
2000;0.027144;0.027134;0.027105;0.027059;0.027;0.026933;0.02686;0.026796;0.02674;0.026685;0.026635;0.026594;0.026568;0.026567;0.026601;0.02666;0.026735;0.026817;0.026908;0.027011
2500;0.027017;0.027007;0.026976;0.026927;0.026863;0.026791;0.026708;0.026634;0.026575;0.026521;0.026471;0.026436;0.026414;0.026419;0.026457;0.026519;0.026599;0.026688;0.026786;0.026895
3000;0.026904;0.026892;0.026854;0.0268;0.026731;0.026652;0.026562;0.026475;0.026408;0.026355;0.02631;0.026279;0.026263;0.026273;0.026316;0.02638;0.026462;0.026558;0.026665;0.026782
3500;0.026832;0.026818;0.026775;0.026709;0.026626;0.026535;0.02643;0.026324;0.026241;0.026186;0.026146;0.02612;0.026115;0.026132;0.026178;0.026245;0.026328;0.026428;0.026544;0.02667
4000;0.026775;0.026758;0.02671;0.026635;0.026541;0.026438;0.026326;0.026208;0.026103;0.02603;0.025983;0.025958;0.025963;0.025991;0.026044;0.026115;0.026199;0.026301;0.026422;0.026559
4500;0.026728;0.02671;0.026658;0.026576;0.02647;0.026353;0.026229;0.026102;0.02598;0.02589;0.025839;0.025816;0.025817;0.025847;0.025909;0.025988;0.026078;0.026181;0.026304;0.026442
5000;0.026703;0.026683;0.026625;0.026534;0.026417;0.026283;0.026142;0.026003;0.025872;0.025761;0.025698;0.025674;0.025683;0.025726;0.025787;0.025862;0.025958;0.026068;0.026192;0.026326
5500;0.026685;0.026663;0.026603;0.026506;0.026381;0.026238;0.026082;0.02592;0.025771;0.025645;0.025564;0.025535;0.025548;0.025599;0.025673;0.025759;0.025853;0.025958;0.026083;0.026217
6000;0.026668;0.026647;0.026583;0.026482;0.02635;0.026198;0.026034;0.02586;0.025698;0.025555;0.025443;0.025403;0.025415;0.02547;0.025552;0.025652;0.025762;0.025873;0.025988;0.026109
6500;0.026648;0.026626;0.026562;0.026459;0.026322;0.026163;0.025992;0.025806;0.025632;0.025481;0.02536;0.025293;0.025287;0.025344;0.025431;0.025539;0.025662;0.025784;0.025906;0.026028
7000;0.026619;0.026598;0.026534;0.026431;0.026293;0.026129;0.025952;0.025759;0.025574;0.025414;0.025287;0.025211;0.025199;0.02524;0.025313;0.025426;0.025553;0.025688;0.025819;0.025945
7500;0.026577;0.026556;0.026492;0.026389;0.026252;0.026088;0.02591;0.025714;0.025522;0.025354;0.025223;0.025141;0.025123;0.025161;0.025234;0.02533;0.025442;0.025582;0.025724;0.025858
8000;0.026526;0.026504;0.026441;0.026337;0.0262;0.026036;0.025855;0.025662;0.025472;0.025301;0.025165;0.025083;0.025062;0.025092;0.025164;0.025257;0.025365;0.025482;0.025617;0.025763
8500;0.026471;0.026448;0.026385;0.02628;0.026142;0.025978;0.025792;0.025601;0.025413;0.025246;0.025115;0.025036;0.025016;0.025041;0.025103;0.025188;0.025292;0.025409;0.025532;0.025661
9000;0.026417;0.026394;0.02633;0.026224;0.026085;0.025915;0.025729;0.025536;0.025349;0.025185;0.025061;0.024991;0.024983;0.025007;0.025057;0.025129;0.025224;0.025335;0.025458;0.025587
9500;0.026372;0.02635;0.026283;0.026176;0.026033;0.02586;0.02567;0.025475;0.025287;0.025125;0.025006;0.024946;0.024947;0.024982;0.025026;0.025085;0.025164;0.025265;0.025382;0.025511
10000;0.026341;0.026319;0.026252;0.026143;0.025996;0.025819;0.025625;0.025424;0.025233;0.02507;0.024954;0.024902;0.024912;0.02495;0.025004;0.025056;0.025119;0.025203;0.02531;0.025434
10500;0.02633;0.026308;0.026241;0.026129;0.025981;0.0258;0.025599;0.025392;0.025196;0.025028;0.024911;0.024865;0.024877;0.024919;0.024974;0.025034;0.02509;0.025156;0.025246;0.025359
11000;0.02634;0.026317;0.026251;0.02614;0.02599;0.025807;0.025603;0.025388;0.025184;0.025009;0.024887;0.024841;0.024847;0.024889;0.024943;0.025003;0.025067;0.025126;0.025197;0.025293
11500;0.026444;0.026422;0.026355;0.026243;0.026092;0.025909;0.025703;0.025488;0.025283;0.025108;0.024988;0.024943;0.024951;0.024994;0.025051;0.025113;0.025179;0.025239;0.025314;0.025415
12000;0.026551;0.026528;0.026461;0.026349;0.026197;0.026014;0.025808;0.025592;0.025387;0.025214;0.025094;0.025048;0.025056;0.025101;0.02516;0.025224;0.025291;0.025354;0.025433;0.025539
12500;0.026658;0.026635;0.026568;0.026456;0.026304;0.026121;0.025914;0.025698;0.025495;0.025325;0.025211;0.025169;0.025178;0.02522;0.025274;0.025337;0.025406;0.025472;0.025555;0.025665
13000;0.026767;0.026744;0.026677;0.026565;0.026413;0.026229;0.026022;0.025807;0.025606;0.02544;0.025332;0.025294;0.025307;0.025355;0.025416;0.025479;0.02554;0.025597;0.025679;0.025792
13500;0.026877;0.026855;0.026787;0.026676;0.026524;0.02634;0.026133;0.025919;0.02572;0.02556;0.025455;0.025422;0.025443;0.025498;0.025564;0.025632;0.025699;0.025766;0.025849;0.025946
14000;0.02699;0.026967;0.0269;0.026788;0.026637;0.026452;0.026246;0.026035;0.02584;0.025684;0.025584;0.02556;0.025587;0.025648;0.025719;0.025793;0.025869;0.025949;0.02604;0.026146
0.9;0;0.05;0.1;0.15;0.2;0.25;0.3;0.35;0.4;0.45;0.5;0.55;0.6;0.65;0.7;0.75;0.8;0.85;0.9;0.95
0;0.025873;0.02587;0.025859;0.025843;0.025823;0.025794;0.025757;0.025711;0.025647;0.025572;0.025515;0.025469;0.025409;0.025349;0.02529;0.025238;0.025205;0.025176;0.025141;0.025099
500;0.0257;0.025696;0.025685;0.025667;0.025646;0.025616;0.025578;0.025533;0.025471;0.025398;0.02534;0.025295;0.02524;0.025187;0.025143;0.025108;0.025092;0.025078;0.025056;0.025024
1000;0.025526;0.025523;0.025512;0.025495;0.025472;0.02544;0.025402;0.025357;0.025297;0.025225;0.025167;0.025121;0.025072;0.025025;0.02499;0.02497;0.024967;0.024968;0.024962;0.024945
1500;0.025359;0.025355;0.025344;0.025327;0.025303;0.025269;0.025228;0.025182;0.025125;0.025056;0.024996;0.024949;0.024906;0.024863;0.024833;0.024826;0.024836;0.02485;0.024857;0.024857
2000;0.025193;0.025189;0.025178;0.02516;0.025137;0.025104;0.02506;0.025012;0.024953;0.024886;0.024825;0.024777;0.024739;0.0247;0.024677;0.02468;0.024702;0.024727;0.024747;0.02476
2500;0.025043;0.025039;0.025026;0.025005;0.024978;0.024943;0.024895;0.024845;0.024786;0.024721;0.024659;0.024608;0.024572;0.024539;0.024521;0.024531;0.024562;0.024599;0.024631;0.024658
3000;0.024905;0.024901;0.024886;0.024865;0.024837;0.024802;0.024757;0.024702;0.024636;0.024567;0.024499;0.024445;0.02441;0.02438;0.024368;0.024384;0.024419;0.024465;0.024511;0.02455
3500;0.024775;0.02477;0.024754;0.024728;0.024698;0.024662;0.024617;0.024564;0.024499;0.024429;0.024363;0.024305;0.024262;0.024231;0.024219;0.024238;0.024277;0.024327;0.024384;0.024439
4000;0.024653;0.024647;0.024628;0.024599;0.024563;0.024524;0.024479;0.024428;0.024365;0.024294;0.024228;0.024172;0.024129;0.024103;0.024093;0.024108;0.024139;0.024191;0.024252;0.02432
4500;0.024542;0.024534;0.024511;0.024478;0.024436;0.02439;0.024341;0.024291;0.024232;0.024162;0.024096;0.024041;0.023998;0.023978;0.023975;0.023995;0.024029;0.02407;0.024121;0.024195
5000;0.024462;0.024453;0.024428;0.024389;0.024336;0.024277;0.02421;0.024155;0.024099;0.024033;0.023967;0.023912;0.023871;0.023853;0.023858;0.023883;0.023922;0.023968;0.02402;0.024081
5500;0.024387;0.024378;0.024351;0.024308;0.024254;0.024188;0.024116;0.024047;0.02398;0.023904;0.023841;0.023786;0.023747;0.02373;0.023743;0.023774;0.023817;0.023867;0.023924;0.02399
6000;0.024317;0.024307;0.024278;0.024232;0.024173;0.024105;0.024025;0.023949;0.023882;0.02381;0.023736;0.023667;0.023626;0.023612;0.023628;0.023666;0.023713;0.023768;0.02383;0.023901
6500;0.024248;0.024238;0.024207;0.024159;0.024096;0.024023;0.023938;0.023855;0.023784;0.023715;0.023647;0.023584;0.023532;0.023503;0.023517;0.023556;0.023611;0.023671;0.023739;0.023816
7000;0.024185;0.024174;0.024139;0.024086;0.02402;0.023942;0.023854;0.023762;0.023683;0.023617;0.023557;0.023501;0.023455;0.023431;0.023435;0.023454;0.023507;0.023576;0.02365;0.023733
7500;0.024133;0.02412;0.024082;0.024023;0.023947;0.023865;0.023769;0.023671;0.023584;0.023516;0.02346;0.023413;0.023378;0.023362;0.023371;0.023394;0.023429;0.023477;0.023561;0.023652
8000;0.024093;0.024078;0.024036;0.023969;0.023886;0.023794;0.023692;0.023584;0.023485;0.02341;0.023358;0.023319;0.023296;0.023291;0.023306;0.023336;0.023375;0.023426;0.023489;0.023573
8500;0.024062;0.024046;0.024;0.023927;0.023834;0.02373;0.023619;0.023503;0.023391;0.023305;0.02325;0.023219;0.023205;0.023214;0.02324;0.023278;0.023323;0.023379;0.023447;0.023527
9000;0.02404;0.024022;0.023972;0.023892;0.02379;0.023675;0.023552;0.023427;0.023306;0.023205;0.023143;0.023113;0.023109;0.023132;0.02317;0.023218;0.023274;0.023336;0.023409;0.02349
9500;0.024025;0.024006;0.023952;0.023866;0.023756;0.02363;0.023495;0.023357;0.023228;0.023112;0.023038;0.023007;0.023009;0.023042;0.023095;0.023155;0.023221;0.023295;0.023372;0.023454
10000;0.024013;0.023993;0.023936;0.023845;0.023727;0.02359;0.023446;0.023294;0.023155;0.023031;0.022943;0.022905;0.022909;0.022948;0.02301;0.023085;0.023167;0.02325;0.023335;0.023419
10500;0.023996;0.023976;0.023918;0.023825;0.023701;0.023556;0.023404;0.02324;0.023089;0.022959;0.022857;0.022809;0.022814;0.022856;0.022922;0.023007;0.023103;0.023199;0.023292;0.023382
11000;0.023967;0.023948;0.023889;0.023796;0.02367;0.023523;0.023363;0.023192;0.02303;0.022892;0.022783;0.022724;0.022725;0.022768;0.022838;0.022927;0.023029;0.023137;0.023242;0.02334
11500;0.02407;0.024051;0.023993;0.023899;0.023775;0.023629;0.023472;0.023304;0.023142;0.023;0.022888;0.022833;0.022838;0.022883;0.022955;0.023047;0.023151;0.023261;0.023369;0.023467
12000;0.024176;0.024156;0.024098;0.024005;0.023884;0.023742;0.023591;0.023431;0.023277;0.023142;0.023033;0.02298;0.022977;0.02301;0.023075;0.023169;0.023275;0.023387;0.023496;0.023595
12500;0.024282;0.024263;0.024206;0.024116;0.023998;0.023861;0.023717;0.023565;0.023419;0.023287;0.023192;0.023153;0.023157;0.023195;0.023256;0.023335;0.023422;0.023515;0.023625;0.023725
13000;0.024393;0.024374;0.024319;0.024231;0.024117;0.023987;0.02385;0.023706;0.023567;0.023443;0.023364;0.023333;0.023343;0.023386;0.023452;0.023535;0.023627;0.023721;0.023807;0.023885
13500;0.024508;0.02449;0.024436;0.024352;0.024243;0.02412;0.02399;0.023854;0.023719;0.02361;0.023545;0.023522;0.023537;0.023585;0.023656;0.023743;0.023836;0.023932;0.024022;0.024104
14000;0.024629;0.024611;0.02456;0.02448;0.024377;0.02426;0.024139;0.024008;0.023881;0.02379;0.023734;0.023717;0.023738;0.02379;0.023865;0.023953;0.024049;0.024148;0.024243;0.024328
0.85;0;0.05;0.1;0.15;0.2;0.25;0.3;0.35;0.4;0.45;0.5;0.55;0.6;0.65;0.7;0.75;0.8;0.85;0.9;0.95
0;0.024327;0.024325;0.024317;0.024306;0.02429;0.024261;0.02422;0.024157;0.024071;0.023986;0.023893;0.023766;0.02361;0.023419;0.023213;0.02302;0.02285;0.02272;0.022604;0.022491
500;0.024121;0.024119;0.024113;0.024102;0.024088;0.024061;0.024024;0.023966;0.023886;0.023809;0.023726;0.02361;0.02347;0.023296;0.023107;0.022928;0.022773;0.022653;0.022546;0.022438
1000;0.023919;0.023917;0.023911;0.023901;0.023889;0.023864;0.02383;0.023778;0.023704;0.023631;0.023558;0.023454;0.023328;0.023171;0.023;0.022835;0.022694;0.022585;0.022486;0.022385
1500;0.023738;0.023736;0.023729;0.023719;0.023705;0.023679;0.023645;0.023593;0.023523;0.023454;0.023388;0.023296;0.023183;0.023044;0.02289;0.02274;0.022615;0.022516;0.022424;0.02233
2000;0.023576;0.023573;0.023564;0.023551;0.023536;0.023514;0.023482;0.023433;0.023364;0.023292;0.023225;0.02314;0.023038;0.022915;0.022777;0.022642;0.022533;0.022445;0.022362;0.022274
2500;0.023426;0.023423;0.023414;0.023401;0.023385;0.023357;0.023321;0.023275;0.023211;0.023142;0.023081;0.023005;0.022908;0.022794;0.022665;0.022544;0.022449;0.022372;0.022298;0.022217
3000;0.023283;0.02328;0.02327;0.023256;0.023239;0.02321;0.023174;0.023125;0.023059;0.022993;0.022937;0.022871;0.022784;0.022683;0.022568;0.022457;0.022367;0.022294;0.02223;0.022158
3500;0.02314;0.023136;0.023127;0.023112;0.023094;0.023065;0.023028;0.022979;0.022913;0.022844;0.022789;0.022732;0.022655;0.022569;0.02247;0.022374;0.022296;0.022231;0.022165;0.022095
4000;0.023;0.022997;0.022987;0.022971;0.022952;0.022922;0.022885;0.022837;0.022773;0.022702;0.022646;0.022592;0.022525;0.022451;0.022367;0.022288;0.022225;0.022168;0.022111;0.022047
4500;0.02289;0.022886;0.022872;0.022852;0.022825;0.022787;0.022745;0.022698;0.022635;0.022564;0.022507;0.022456;0.022394;0.022328;0.022261;0.022198;0.02215;0.022106;0.022056;0.022002
5000;0.022792;0.022788;0.022775;0.022753;0.022725;0.022687;0.022639;0.022582;0.022509;0.022429;0.022371;0.022323;0.022264;0.022206;0.022151;0.022102;0.022069;0.022038;0.022;0.021954
5500;0.022695;0.022691;0.022678;0.022657;0.022629;0.02259;0.022541;0.022484;0.022413;0.022329;0.022256;0.022191;0.022136;0.022083;0.022038;0.022003;0.021982;0.021964;0.021939;0.021906
6000;0.022593;0.022589;0.022576;0.022555;0.022528;0.022489;0.022439;0.022382;0.022312;0.022231;0.022157;0.022092;0.022027;0.021961;0.021918;0.021899;0.021892;0.021885;0.021873;0.021852
6500;0.022491;0.022486;0.022473;0.022453;0.022426;0.022388;0.022339;0.022282;0.022213;0.022135;0.022061;0.021995;0.021935;0.021874;0.021824;0.021794;0.021792;0.021799;0.0218;0.021792
7000;0.02239;0.022385;0.022372;0.022351;0.022324;0.022288;0.02224;0.022184;0.022115;0.022041;0.021966;0.0219;0.021844;0.021788;0.021744;0.021721;0.021712;0.021706;0.021718;0.021727
7500;0.022293;0.022288;0.022273;0.022251;0.022224;0.022188;0.022142;0.022087;0.022019;0.021947;0.021873;0.021807;0.021754;0.021703;0.021665;0.021649;0.021645;0.021649;0.02165;0.021651
8000;0.0222;0.022195;0.022179;0.022154;0.022124;0.022088;0.022043;0.021991;0.021925;0.021852;0.021781;0.021717;0.021663;0.02162;0.021588;0.021578;0.02158;0.021588;0.021599;0.021608
8500;0.022113;0.022107;0.022089;0.022061;0.022027;0.021988;0.021943;0.021893;0.021831;0.02176;0.021691;0.021629;0.021576;0.021539;0.021514;0.021509;0.021516;0.021529;0.021546;0.021566
9000;0.022031;0.022024;0.022004;0.021973;0.021934;0.021891;0.021844;0.021794;0.021737;0.02167;0.021603;0.021542;0.021491;0.021458;0.021442;0.021443;0.021454;0.021471;0.021493;0.021519
9500;0.021953;0.021945;0.021924;0.02189;0.021846;0.021798;0.021745;0.021695;0.021641;0.021578;0.021514;0.021456;0.021409;0.021379;0.021371;0.021378;0.021394;0.021415;0.021442;0.021474
10000;0.021878;0.02187;0.021847;0.02181;0.021762;0.021707;0.021648;0.021594;0.021542;0.021484;0.021425;0.021371;0.021327;0.021301;0.021299;0.021314;0.021336;0.021362;0.021394;0.021432
10500;0.021813;0.021804;0.021778;0.021735;0.02168;0.021622;0.021554;0.021492;0.02144;0.021388;0.021334;0.021287;0.021247;0.021226;0.021228;0.021247;0.021278;0.021311;0.021348;0.021392
11000;0.021771;0.021761;0.021733;0.021688;0.02163;0.021562;0.021485;0.02141;0.021345;0.021286;0.021239;0.021199;0.021168;0.021153;0.021161;0.021183;0.021217;0.02126;0.021305;0.021354
11500;0.021915;0.021906;0.021879;0.021835;0.021779;0.021714;0.021644;0.021578;0.021521;0.021465;0.021408;0.021358;0.021315;0.021286;0.021278;0.021302;0.021337;0.021381;0.021426;0.021476
12000;0.022065;0.022056;0.022029;0.021987;0.021934;0.021874;0.021812;0.021755;0.021702;0.021647;0.021595;0.021549;0.021508;0.021482;0.021475;0.021482;0.021498;0.021519;0.021548;0.021599
12500;0.022219;0.022211;0.022186;0.022146;0.022096;0.022043;0.02199;0.021939;0.021888;0.021836;0.021786;0.021743;0.021706;0.021682;0.021677;0.021686;0.021703;0.021726;0.02175;0.021778
13000;0.022379;0.02237;0.022347;0.022311;0.022267;0.022222;0.022176;0.022127;0.022078;0.022029;0.021983;0.021942;0.021907;0.021884;0.021882;0.021893;0.021911;0.021936;0.021961;0.021991
13500;0.022546;0.022539;0.022518;0.022486;0.022448;0.02241;0.022366;0.022319;0.022273;0.022227;0.022183;0.022144;0.02211;0.022091;0.022091;0.022103;0.022123;0.022149;0.022176;0.022207
14000;0.022724;0.022717;0.022699;0.022672;0.022639;0.022603;0.022562;0.022516;0.022472;0.022429;0.022386;0.022349;0.022318;0.022301;0.022303;0.022317;0.022339;0.022365;0.022394;0.022427
0.8;0;0.05;0.1;0.15;0.2;0.25;0.3;0.35;0.4;0.45;0.5;0.55;0.6;0.65;0.7;0.75;0.8;0.85;0.9;0.95
0;0.023265;0.023259;0.023242;0.023213;0.023171;0.023112;0.023034;0.022931;0.022798;0.02262;0.022407;0.022156;0.021853;0.021536;0.021226;0.020926;0.020653;0.020419;0.020233;0.020063
500;0.023056;0.023054;0.023039;0.023012;0.022971;0.022914;0.022837;0.022734;0.022604;0.022435;0.022235;0.021998;0.02171;0.021405;0.021107;0.020818;0.020558;0.020338;0.020166;0.020008
1000;0.022857;0.022853;0.022838;0.022812;0.022774;0.022719;0.022647;0.02255;0.022427;0.022273;0.022082;0.021854;0.021574;0.021278;0.02099;0.020714;0.020465;0.020259;0.020099;0.019952
1500;0.022659;0.022654;0.02264;0.022617;0.022582;0.022531;0.022462;0.022369;0.022253;0.022112;0.021934;0.02172;0.021457;0.021173;0.020892;0.020621;0.020377;0.020181;0.020032;0.019895
2000;0.022463;0.022458;0.022446;0.022424;0.022393;0.022345;0.022282;0.022195;0.022086;0.021954;0.021788;0.021587;0.021341;0.021072;0.020802;0.020543;0.020309;0.020118;0.019969;0.019839
2500;0.02227;0.022266;0.022255;0.022235;0.022207;0.022163;0.022106;0.022024;0.02192;0.021799;0.021645;0.021458;0.021228;0.020972;0.020715;0.020469;0.020244;0.020064;0.019924;0.019799
3000;0.022082;0.022079;0.022068;0.022051;0.022025;0.021985;0.021932;0.021854;0.021755;0.021643;0.021503;0.02133;0.021119;0.020877;0.020631;0.020394;0.020183;0.020017;0.019885;0.019762
3500;0.021902;0.021898;0.021886;0.02187;0.021846;0.021809;0.021759;0.021687;0.021592;0.021488;0.021361;0.021203;0.021009;0.020784;0.020551;0.020328;0.020129;0.019972;0.019846;0.019727
4000;0.021751;0.021748;0.021737;0.021719;0.021693;0.021653;0.021598;0.021519;0.021429;0.021334;0.021221;0.021078;0.020902;0.020693;0.020474;0.020265;0.02008;0.019931;0.019808;0.019694
4500;0.021602;0.021598;0.021588;0.021572;0.021548;0.02151;0.021459;0.021386;0.02129;0.021192;0.021085;0.020954;0.020794;0.020601;0.020397;0.020202;0.020031;0.019893;0.019774;0.019661
5000;0.021456;0.021452;0.021443;0.021428;0.021406;0.021371;0.021324;0.021256;0.021167;0.021077;0.020976;0.020844;0.020685;0.020509;0.020319;0.02014;0.019981;0.019855;0.019741;0.019631
5500;0.021312;0.021309;0.0213;0.021286;0.021266;0.021235;0.021193;0.021131;0.021048;0.020963;0.020873;0.020752;0.020607;0.02043;0.020241;0.020075;0.01993;0.019814;0.019709;0.019603
6000;0.021172;0.02117;0.021162;0.021149;0.021133;0.021105;0.021065;0.021008;0.02093;0.020849;0.020768;0.020658;0.020529;0.020369;0.020195;0.020024;0.019878;0.019773;0.019675;0.019575
6500;0.02104;0.021037;0.02103;0.021018;0.021003;0.020976;0.020939;0.020886;0.020813;0.020736;0.020661;0.020564;0.020447;0.020305;0.020148;0.019992;0.019856;0.019739;0.01964;0.019547
7000;0.020925;0.020922;0.020912;0.020897;0.020878;0.020849;0.020815;0.020765;0.020696;0.020623;0.020554;0.020469;0.020364;0.020239;0.020099;0.019958;0.019838;0.019732;0.019628;0.019518
7500;0.020815;0.020812;0.020802;0.020787;0.020767;0.020738;0.020698;0.020647;0.020581;0.020512;0.020448;0.020373;0.020279;0.02017;0.020046;0.019923;0.019817;0.019722;0.019628;0.019525
8000;0.020708;0.020704;0.020694;0.020679;0.020659;0.020629;0.020591;0.02054;0.020473;0.020402;0.020342;0.020276;0.020192;0.020097;0.01999;0.019884;0.019792;0.019709;0.019625;0.019532
8500;0.020603;0.0206;0.02059;0.020574;0.020553;0.020524;0.020486;0.020436;0.020372;0.0203;0.020238;0.020179;0.020104;0.020022;0.01993;0.01984;0.019764;0.019693;0.019618;0.019535
9000;0.020502;0.020499;0.020488;0.020472;0.020451;0.020421;0.020382;0.020335;0.020272;0.0202;0.020139;0.020083;0.020014;0.019942;0.019865;0.019791;0.019731;0.019672;0.019608;0.019536
9500;0.020405;0.020401;0.02039;0.020373;0.02035;0.02032;0.020282;0.020236;0.020175;0.020104;0.020043;0.019989;0.019925;0.01986;0.019797;0.019738;0.019691;0.019646;0.019594;0.019533
10000;0.020345;0.02034;0.020328;0.020307;0.02028;0.020244;0.020199;0.020147;0.020081;0.020011;0.01995;0.019895;0.019837;0.019777;0.019724;0.01968;0.019646;0.019614;0.019574;0.019526
10500;0.020293;0.020289;0.020276;0.020256;0.020229;0.020192;0.020147;0.020097;0.020033;0.01996;0.019887;0.019821;0.019756;0.019696;0.01965;0.019619;0.019597;0.019576;0.019549;0.019514
11000;0.020242;0.020238;0.020226;0.020207;0.02018;0.020144;0.020099;0.020049;0.019988;0.019916;0.019844;0.019779;0.019719;0.019656;0.019601;0.019561;0.019543;0.019533;0.019517;0.019495
11500;0.020414;0.02041;0.020398;0.020378;0.020351;0.020316;0.020273;0.020226;0.020166;0.020095;0.020024;0.01996;0.0199;0.019838;0.019782;0.019743;0.019713;0.019683;0.019646;0.019604
12000;0.020589;0.020585;0.020572;0.020553;0.020526;0.020493;0.020453;0.020406;0.020347;0.020278;0.020208;0.020144;0.020085;0.020022;0.019967;0.019927;0.019898;0.019868;0.019831;0.019788
12500;0.020767;0.020763;0.020751;0.020731;0.020706;0.020675;0.020636;0.02059;0.020532;0.020464;0.020394;0.020331;0.020273;0.020209;0.020154;0.020115;0.020087;0.020057;0.020019;0.019976
13000;0.020949;0.020945;0.020933;0.020915;0.020891;0.020861;0.020822;0.020777;0.02072;0.020653;0.020584;0.020521;0.020463;0.020399;0.020344;0.020305;0.020278;0.020248;0.02021;0.020166
13500;0.021135;0.021131;0.02112;0.021103;0.02108;0.021051;0.021013;0.020968;0.020912;0.020846;0.020778;0.020714;0.020656;0.020593;0.020538;0.020499;0.020472;0.020442;0.020404;0.020361
14000;0.021327;0.021323;0.021312;0.021295;0.021272;0.021243;0.021206;0.021162;0.021107;0.021041;0.020974;0.02091;0.020852;0.020789;0.020734;0.020696;0.020669;0.020639;0.020601;0.020558
0.75;0;0.05;0.1;0.15;0.2;0.25;0.3;0.35;0.4;0.45;0.5;0.55;0.6;0.65;0.7;0.75;0.8;0.85;0.9;0.95
0;0.022548;0.022538;0.022507;0.022451;0.022368;0.022265;0.022136;0.021981;0.021758;0.021485;0.021183;0.020827;0.020452;0.020063;0.019657;0.01924;0.018821;0.01842;0.018047;0.017728
500;0.022327;0.022318;0.022287;0.022234;0.022156;0.022058;0.021936;0.02179;0.021579;0.021314;0.021023;0.020679;0.020308;0.019929;0.019537;0.019139;0.018737;0.018357;0.018003;0.017692
1000;0.022114;0.022105;0.022076;0.022025;0.02195;0.021855;0.02174;0.021601;0.0214;0.021144;0.020864;0.020527;0.020163;0.019796;0.019418;0.019038;0.018656;0.018295;0.017962;0.017664
1500;0.021906;0.021898;0.02187;0.021822;0.021751;0.021663;0.021553;0.021417;0.021224;0.020975;0.020702;0.020375;0.02002;0.019663;0.019299;0.018936;0.018574;0.01823;0.017918;0.017639
2000;0.0217;0.021693;0.021667;0.021623;0.021558;0.021474;0.021369;0.021239;0.021053;0.020808;0.020543;0.020226;0.01988;0.019533;0.019181;0.018834;0.018492;0.018164;0.017873;0.017614
2500;0.021503;0.021495;0.021469;0.021427;0.021366;0.021287;0.021186;0.021057;0.020875;0.020641;0.020387;0.020083;0.019746;0.019408;0.019066;0.018732;0.01841;0.018097;0.017828;0.017589
3000;0.021327;0.021319;0.021295;0.021252;0.021187;0.021103;0.020996;0.020867;0.020698;0.020478;0.020233;0.019942;0.019616;0.019288;0.018958;0.018636;0.018327;0.018035;0.017786;0.017565
3500;0.021144;0.021136;0.021113;0.021073;0.021012;0.020931;0.020829;0.020702;0.020533;0.020317;0.020083;0.019803;0.019489;0.01917;0.018852;0.018543;0.018247;0.017975;0.017742;0.017538
4000;0.020959;0.020952;0.02093;0.020892;0.020836;0.02076;0.020664;0.020544;0.02039;0.020184;0.019946;0.019668;0.019365;0.019056;0.018748;0.018451;0.018169;0.017914;0.017699;0.017508
4500;0.020776;0.02077;0.020749;0.020715;0.020663;0.020593;0.020504;0.020393;0.020249;0.020056;0.019828;0.019562;0.019254;0.018945;0.018646;0.01836;0.018093;0.017855;0.017658;0.017478
5000;0.020598;0.020592;0.020574;0.020542;0.020496;0.020433;0.020351;0.020245;0.020109;0.019928;0.019713;0.019462;0.019168;0.018859;0.018552;0.018272;0.018017;0.017795;0.017615;0.01745
5500;0.020429;0.020423;0.020407;0.020378;0.020336;0.020277;0.020199;0.020098;0.019969;0.019801;0.0196;0.019365;0.019085;0.018785;0.01849;0.018205;0.017944;0.017737;0.017572;0.017419
6000;0.020262;0.020257;0.020242;0.020216;0.020177;0.020121;0.020049;0.019951;0.01983;0.019676;0.01949;0.01927;0.019001;0.018714;0.018432;0.018157;0.017907;0.017692;0.017528;0.017387
6500;0.020098;0.020093;0.020079;0.020055;0.020019;0.019967;0.019899;0.019808;0.019694;0.019554;0.019381;0.019173;0.018919;0.018646;0.018376;0.018114;0.017874;0.017672;0.017508;0.017358
7000;0.019935;0.019931;0.019918;0.019896;0.019863;0.019816;0.019753;0.019667;0.019561;0.019432;0.019271;0.019077;0.01884;0.018582;0.018324;0.018074;0.017845;0.017654;0.017504;0.017363
7500;0.019777;0.019773;0.019761;0.019741;0.019711;0.019667;0.019609;0.019529;0.019428;0.019309;0.019161;0.018982;0.018763;0.01852;0.018275;0.018038;0.017822;0.017645;0.017502;0.017368
8000;0.019624;0.01962;0.019609;0.01959;0.019564;0.019523;0.019469;0.019393;0.019296;0.019186;0.019052;0.018888;0.018689;0.018462;0.018232;0.018009;0.017805;0.017639;0.017502;0.017373
8500;0.019474;0.019471;0.019461;0.019444;0.01942;0.019382;0.019332;0.01926;0.019167;0.019068;0.018948;0.018799;0.018619;0.018409;0.018191;0.017981;0.017791;0.017636;0.017504;0.017379
9000;0.019364;0.019359;0.019349;0.01933;0.019304;0.019265;0.019213;0.019141;0.019048;0.018954;0.018849;0.018713;0.01855;0.018355;0.018151;0.017955;0.017779;0.017634;0.017508;0.017386
9500;0.01926;0.019257;0.019247;0.01923;0.019207;0.019172;0.019125;0.019058;0.018971;0.01888;0.018778;0.018646;0.018488;0.018302;0.018113;0.017931;0.017767;0.017634;0.017513;0.017395
10000;0.019167;0.019164;0.019155;0.01914;0.019119;0.019087;0.019043;0.018981;0.018899;0.018813;0.018721;0.0186;0.018458;0.018287;0.018102;0.017924;0.017759;0.017634;0.01752;0.017407
10500;0.019081;0.019078;0.019069;0.019055;0.019036;0.019005;0.018964;0.018907;0.018829;0.018748;0.018665;0.018556;0.018428;0.018273;0.018106;0.017941;0.017791;0.01766;0.017536;0.017419
11000;0.019;0.018997;0.018988;0.018974;0.018957;0.018928;0.018889;0.018836;0.018763;0.018686;0.018609;0.018512;0.018396;0.01826;0.018108;0.017957;0.017821;0.017702;0.017585;0.017464
11500;0.019174;0.019171;0.019163;0.019149;0.019131;0.019102;0.019063;0.019009;0.018936;0.018858;0.01878;0.018683;0.018567;0.018429;0.018277;0.018125;0.017989;0.01787;0.017753;0.017633
12000;0.019352;0.019349;0.01934;0.019326;0.019308;0.019279;0.019239;0.019185;0.019112;0.019033;0.018954;0.018857;0.018739;0.018601;0.018449;0.018297;0.01816;0.018041;0.017924;0.017804
12500;0.019533;0.01953;0.019521;0.019507;0.019488;0.019459;0.019419;0.019365;0.019291;0.019211;0.019132;0.019033;0.018914;0.018775;0.018621;0.018469;0.018332;0.018213;0.018097;0.017977
13000;0.019718;0.019714;0.019706;0.019691;0.019672;0.019642;0.019602;0.019548;0.019473;0.01939;0.019309;0.019209;0.019089;0.018949;0.018795;0.018642;0.018504;0.018385;0.018268;0.018149
13500;0.019903;0.0199;0.019891;0.019876;0.019856;0.019826;0.019785;0.01973;0.019654;0.019571;0.019489;0.019388;0.019267;0.019127;0.018973;0.018818;0.018681;0.018561;0.018444;0.018325
14000;0.020091;0.020087;0.020078;0.020063;0.020043;0.020013;0.019972;0.019916;0.01984;0.019756;0.019673;0.019572;0.01945;0.019309;0.019154;0.018999;0.018861;0.018741;0.018624;0.018505
0.7;0;0.05;0.1;0.15;0.2;0.25;0.3;0.35;0.4;0.45;0.5;0.55;0.6;0.65;0.7;0.75;0.8;0.85;0.9;0.95
0;0.021966;0.021952;0.021911;0.021839;0.021739;0.021619;0.021454;0.021221;0.0209;0.020546;0.020117;0.019642;0.019163;0.018655;0.018125;0.017592;0.017075;0.016598;0.016142;0.015693
500;0.021739;0.021728;0.021688;0.021621;0.021524;0.021406;0.021245;0.021017;0.020708;0.020367;0.019953;0.019495;0.019033;0.018541;0.018025;0.017507;0.017001;0.016531;0.01609;0.015658
1000;0.021527;0.021515;0.021476;0.021409;0.021312;0.021194;0.021036;0.020813;0.020516;0.020188;0.019789;0.019348;0.018902;0.018426;0.017927;0.017422;0.01693;0.016466;0.016037;0.015621
1500;0.021321;0.021309;0.021269;0.0212;0.021104;0.020987;0.020829;0.020617;0.020331;0.020009;0.019625;0.019201;0.018769;0.01831;0.017831;0.017336;0.016858;0.016403;0.015984;0.01558
2000;0.021128;0.021116;0.021078;0.02101;0.020912;0.020788;0.020628;0.020424;0.02015;0.019836;0.019466;0.019056;0.018635;0.018194;0.017732;0.017255;0.016785;0.016341;0.015928;0.015539
2500;0.020935;0.020923;0.020885;0.020817;0.020719;0.020599;0.020447;0.020249;0.019974;0.019663;0.019309;0.018911;0.018504;0.018077;0.017632;0.017172;0.016715;0.016279;0.015872;0.015499
3000;0.020737;0.020725;0.020688;0.020623;0.02053;0.020415;0.02027;0.020084;0.019818;0.019504;0.019153;0.018766;0.018372;0.017962;0.017533;0.017089;0.016649;0.016218;0.015819;0.01546
3500;0.020541;0.020531;0.020495;0.020434;0.020344;0.020234;0.020097;0.01992;0.019662;0.019358;0.019019;0.018628;0.018241;0.017845;0.017432;0.017005;0.016582;0.01616;0.015771;0.015426
4000;0.02035;0.02034;0.020306;0.020248;0.020164;0.020059;0.019925;0.019756;0.019505;0.019211;0.01889;0.018512;0.018126;0.017729;0.01733;0.016921;0.016512;0.016101;0.015728;0.015396
4500;0.020164;0.020155;0.020123;0.020067;0.019986;0.019884;0.019755;0.019592;0.019349;0.019069;0.018761;0.018397;0.018025;0.017639;0.017235;0.016836;0.016437;0.016044;0.015686;0.01537
5000;0.019981;0.019972;0.019942;0.019888;0.01981;0.019711;0.019583;0.019425;0.019196;0.018929;0.018634;0.018283;0.017923;0.017551;0.017162;0.016764;0.016361;0.015989;0.015646;0.015346
5500;0.019801;0.019792;0.019762;0.01971;0.019633;0.019534;0.01941;0.019262;0.019048;0.018793;0.018509;0.018173;0.017823;0.017464;0.01709;0.016702;0.016314;0.015943;0.015605;0.015322
6000;0.019619;0.01961;0.01958;0.019529;0.019454;0.01936;0.019244;0.019105;0.018906;0.01866;0.018387;0.018065;0.017726;0.017379;0.017014;0.01664;0.016269;0.015918;0.015588;0.015301
6500;0.019435;0.019427;0.019399;0.019352;0.019282;0.019194;0.019085;0.018955;0.018767;0.018529;0.018268;0.01796;0.017631;0.017294;0.016937;0.016579;0.016225;0.015893;0.015584;0.01531
7000;0.019258;0.019251;0.019225;0.019181;0.019116;0.019035;0.018932;0.018807;0.018629;0.0184;0.018152;0.017858;0.01754;0.017206;0.01686;0.016518;0.016183;0.015867;0.01558;0.015322
7500;0.019102;0.019094;0.01907;0.019027;0.018964;0.018882;0.018782;0.018661;0.018492;0.018274;0.018038;0.017758;0.017446;0.01712;0.016788;0.016461;0.016142;0.015841;0.015576;0.015338
8000;0.018965;0.018958;0.018935;0.018895;0.018835;0.018758;0.018659;0.018537;0.018373;0.018162;0.01793;0.017658;0.01735;0.017037;0.016718;0.016406;0.016104;0.015819;0.015575;0.015354
8500;0.01883;0.018823;0.018801;0.018763;0.018707;0.018633;0.018539;0.018425;0.018273;0.018077;0.017856;0.017585;0.017282;0.016972;0.01666;0.016356;0.016067;0.015801;0.015574;0.015367
9000;0.018694;0.018687;0.018667;0.018632;0.01858;0.018512;0.018425;0.018318;0.018179;0.017995;0.017777;0.017519;0.017228;0.016929;0.01663;0.01634;0.016062;0.015805;0.015579;0.015379
9500;0.018565;0.018559;0.01854;0.018509;0.018462;0.0184;0.01832;0.018219;0.018087;0.017909;0.0177;0.017458;0.017178;0.01689;0.016604;0.016326;0.016063;0.015822;0.015614;0.01542
10000;0.018447;0.018441;0.018425;0.018395;0.018352;0.018294;0.018217;0.018117;0.01799;0.017823;0.017627;0.0174;0.017133;0.016855;0.016582;0.016316;0.016066;0.01584;0.015648;0.015468
10500;0.018329;0.018323;0.018307;0.01828;0.018239;0.018182;0.018108;0.018013;0.017894;0.01774;0.017558;0.017345;0.017092;0.016826;0.016565;0.016309;0.016071;0.015861;0.015683;0.015515
11000;0.018207;0.018202;0.018187;0.018161;0.018124;0.018071;0.018003;0.017913;0.017802;0.017662;0.017492;0.017292;0.017054;0.016802;0.016552;0.016307;0.016081;0.015884;0.015719;0.015566
11500;0.018368;0.018363;0.018348;0.018322;0.018284;0.018231;0.018162;0.018071;0.01796;0.017819;0.017648;0.017447;0.017209;0.016958;0.016707;0.016463;0.016237;0.01604;0.015875;0.015721
12000;0.018529;0.018524;0.01851;0.018484;0.018446;0.018393;0.018324;0.018234;0.018121;0.01798;0.017807;0.017607;0.017369;0.017118;0.016866;0.016623;0.016397;0.0162;0.016035;0.01588
12500;0.018689;0.018684;0.018669;0.018643;0.018607;0.018555;0.018488;0.018399;0.018287;0.018144;0.017971;0.01777;0.017533;0.017282;0.01703;0.016786;0.016561;0.016363;0.016199;0.016043
13000;0.018853;0.018848;0.018834;0.018808;0.018771;0.018719;0.018651;0.018562;0.018452;0.018313;0.018139;0.017938;0.017702;0.01745;0.017198;0.016955;0.016729;0.016531;0.016366;0.016209
13500;0.019023;0.019018;0.019003;0.018977;0.01894;0.018888;0.018819;0.01873;0.018619;0.018479;0.018311;0.018112;0.017875;0.017623;0.017372;0.017128;0.016902;0.016704;0.016538;0.016379
14000;0.019197;0.019192;0.019177;0.019151;0.019114;0.019061;0.018992;0.018902;0.01879;0.018649;0.018481;0.018288;0.018054;0.017801;0.01755;0.017307;0.01708;0.016881;0.016713;0.016553
0.65;0;0.05;0.1;0.15;0.2;0.25;0.3;0.35;0.4;0.45;0.5;0.55;0.6;0.65;0.7;0.75;0.8;0.85;0.9;0.95
0;0.021346;0.021324;0.021258;0.02115;0.021002;0.02082;0.020549;0.02019;0.019794;0.01934;0.018803;0.018272;0.017715;0.017129;0.016549;0.015988;0.015451;0.014986;0.014627;0.014392
500;0.021156;0.021139;0.021089;0.021006;0.020896;0.020749;0.02048;0.020122;0.019709;0.019244;0.018698;0.01816;0.017608;0.01703;0.016452;0.015904;0.015375;0.014903;0.014584;0.014253
1000;0.020986;0.020969;0.02092;0.020837;0.020724;0.020585;0.020367;0.02006;0.019632;0.019154;0.018596;0.018052;0.017504;0.016933;0.016359;0.015822;0.015301;0.014824;0.014425;0.014126
1500;0.020814;0.020797;0.020749;0.020668;0.020557;0.020421;0.02021;0.019915;0.019541;0.019078;0.0185;0.017949;0.017402;0.016839;0.01627;0.015741;0.015229;0.014749;0.014337;0.01401
2000;0.02064;0.020624;0.020577;0.020497;0.020388;0.020255;0.02005;0.01976;0.019385;0.018962;0.018416;0.017852;0.017302;0.016747;0.016184;0.015661;0.015159;0.014679;0.014257;0.013909
2500;0.020464;0.020448;0.020402;0.020325;0.020217;0.020087;0.019888;0.019594;0.019231;0.018824;0.018296;0.017764;0.01721;0.016658;0.016102;0.015581;0.01509;0.014613;0.014183;0.013812
3000;0.020286;0.020271;0.020226;0.02015;0.020045;0.019913;0.019713;0.019426;0.01908;0.018687;0.018176;0.017645;0.01712;0.016572;0.016024;0.015504;0.015023;0.014552;0.014116;0.013736
3500;0.020106;0.020091;0.020045;0.019969;0.019862;0.019732;0.019534;0.019261;0.01893;0.018547;0.018058;0.017543;0.017015;0.016487;0.015948;0.015429;0.014957;0.014495;0.014057;0.013669
4000;0.019917;0.019902;0.019857;0.019782;0.019676;0.019545;0.019356;0.019096;0.018779;0.018406;0.017938;0.01744;0.016922;0.016406;0.015877;0.015359;0.014891;0.01444;0.014004;0.013611
4500;0.019723;0.019709;0.019666;0.019591;0.019485;0.019358;0.01918;0.018936;0.018627;0.018265;0.017818;0.017334;0.016837;0.016329;0.015815;0.015304;0.014826;0.014384;0.013956;0.013562
5000;0.019527;0.019513;0.019471;0.019398;0.019296;0.019174;0.019005;0.018775;0.018474;0.018122;0.017696;0.017227;0.016751;0.016253;0.015754;0.015254;0.014787;0.014337;0.013911;0.01352
5500;0.019331;0.019318;0.019277;0.019208;0.01911;0.018992;0.018835;0.018614;0.018318;0.017979;0.017573;0.017119;0.016662;0.016183;0.015692;0.015208;0.014745;0.014311;0.013887;0.013483
6000;0.01915;0.019136;0.019097;0.019028;0.018933;0.018817;0.018665;0.018453;0.018162;0.017839;0.017447;0.017011;0.016573;0.016112;0.015631;0.015162;0.014704;0.01428;0.013874;0.013478
6500;0.018984;0.018972;0.018934;0.018869;0.018777;0.018664;0.018513;0.018301;0.018015;0.017699;0.01732;0.016903;0.016483;0.01604;0.015579;0.015115;0.014665;0.014248;0.013858;0.013478
7000;0.018823;0.018811;0.018775;0.018712;0.018621;0.01851;0.018361;0.018159;0.017888;0.017583;0.017216;0.016813;0.016407;0.015981;0.015541;0.015089;0.014648;0.014237;0.013855;0.013483
7500;0.018661;0.01865;0.018615;0.018553;0.018462;0.018352;0.01821;0.018021;0.017763;0.017469;0.017119;0.016735;0.016346;0.015938;0.015517;0.015078;0.014646;0.014242;0.013869;0.013511
8000;0.018496;0.018485;0.018451;0.018391;0.018304;0.018199;0.018063;0.017887;0.01764;0.017353;0.017025;0.016658;0.016285;0.015895;0.01549;0.015067;0.014649;0.01425;0.013883;0.013542
8500;0.018335;0.018325;0.018291;0.018234;0.018151;0.01805;0.017923;0.017756;0.017518;0.017241;0.016934;0.016582;0.016225;0.015852;0.01546;0.015055;0.014655;0.014267;0.013908;0.013577
9000;0.018178;0.018168;0.018137;0.018083;0.018005;0.017908;0.017785;0.017627;0.017397;0.017134;0.016844;0.016507;0.016164;0.015808;0.01543;0.015041;0.014659;0.014285;0.013937;0.013617
9500;0.018029;0.01802;0.01799;0.017938;0.017863;0.017768;0.017648;0.017497;0.017281;0.017034;0.016758;0.016434;0.016106;0.015763;0.0154;0.015029;0.014664;0.014304;0.013969;0.013662
10000;0.017883;0.017874;0.017846;0.017796;0.017722;0.01763;0.017515;0.017375;0.017174;0.016938;0.016674;0.016364;0.016049;0.015718;0.01537;0.015018;0.014667;0.014323;0.014003;0.013707
10500;0.017738;0.017729;0.017702;0.017655;0.017585;0.017498;0.01739;0.01726;0.017073;0.016846;0.016594;0.016301;0.015993;0.015674;0.015342;0.015006;0.01467;0.014345;0.014038;0.013756
11000;0.0176;0.017592;0.017567;0.017522;0.017457;0.017376;0.017275;0.017152;0.016975;0.016756;0.016518;0.016239;0.01594;0.015633;0.015315;0.014995;0.014674;0.014367;0.014074;0.013807
11500;0.017742;0.017735;0.01771;0.017666;0.017602;0.017521;0.01742;0.017296;0.01712;0.016903;0.016666;0.016388;0.016093;0.015786;0.015467;0.015146;0.014824;0.014516;0.014222;0.013957
12000;0.017892;0.017884;0.017859;0.017815;0.017751;0.01767;0.017569;0.017445;0.017269;0.017054;0.016819;0.016542;0.01625;0.015943;0.015624;0.015302;0.014978;0.014668;0.014373;0.014107
12500;0.018046;0.018038;0.018013;0.017969;0.017905;0.017824;0.017722;0.017599;0.017423;0.017209;0.016976;0.0167;0.016408;0.016105;0.015785;0.015462;0.015136;0.014826;0.014528;0.014261
13000;0.018205;0.018198;0.018172;0.018129;0.018064;0.017982;0.017881;0.017757;0.017583;0.01737;0.017139;0.016863;0.016572;0.016271;0.015952;0.015626;0.015299;0.014987;0.014688;0.014419
13500;0.01837;0.018363;0.018337;0.018293;0.018228;0.018147;0.018045;0.017921;0.017748;0.017537;0.017306;0.017032;0.016741;0.01644;0.016123;0.015797;0.015467;0.015154;0.014853;0.014582
14000;0.018541;0.018533;0.018508;0.018464;0.018399;0.018316;0.018214;0.018091;0.017919;0.017709;0.017479;0.017207;0.016916;0.016614;0.016298;0.015972;0.015641;0.015326;0.015023;0.014751
0.6;0;0.05;0.1;0.15;0.2;0.25;0.3;0.35;0.4;0.45;0.5;0.55;0.6;0.65;0.7;0.75;0.8;0.85;0.9;0.95
0;0.019231;0.019215;0.019168;0.019092;0.018985;0.018842;0.018653;0.018412;0.018138;0.017793;0.017408;0.01696;0.016416;0.015751;0.015122;0.014652;0.014404;0.014421;0.014791;-9999
500;0.019104;0.019088;0.01904;0.018963;0.018853;0.018709;0.018518;0.018276;0.018002;0.017658;0.017274;0.016826;0.0163;0.01566;0.015036;0.014559;0.014276;0.01424;0.014537;-9999
1000;0.018994;0.018976;0.018925;0.018843;0.018733;0.018587;0.018392;0.018146;0.01787;0.017527;0.017141;0.016697;0.016183;0.015567;0.014953;0.014447;0.01413;0.014065;0.014293;-9999
1500;0.018911;0.018892;0.018841;0.018756;0.018639;0.018485;0.018276;0.018026;0.017745;0.0174;0.01701;0.01657;0.016066;0.015473;0.01487;0.014353;0.014009;0.013896;0.014059;0.014532
2000;0.018832;0.018814;0.018762;0.018677;0.018558;0.018403;0.018193;0.017928;0.017628;0.017275;0.016885;0.016449;0.015951;0.01538;0.014787;0.014262;0.013897;0.013738;0.013833;0.01423
2500;0.018758;0.018739;0.018687;0.018601;0.018483;0.018328;0.018114;0.017845;0.01754;0.017172;0.016764;0.016331;0.015838;0.015288;0.014704;0.014174;0.013783;0.01359;0.013622;0.013933
3000;0.01869;0.018671;0.018617;0.01853;0.018411;0.018257;0.018039;0.017768;0.017457;0.017086;0.016673;0.016225;0.015727;0.015194;0.01462;0.014089;0.013684;0.013451;0.013428;0.013652
3500;0.018633;0.018613;0.018557;0.018466;0.018344;0.01819;0.017971;0.017695;0.017378;0.017004;0.016588;0.016142;0.01564;0.015103;0.014534;0.014008;0.013589;0.013325;0.013249;0.013393
4000;0.018584;0.018564;0.018506;0.018411;0.018284;0.018127;0.017907;0.017626;0.017304;0.016927;0.016506;0.016061;0.015564;0.015031;0.014465;0.013933;0.013501;0.013206;0.013084;0.013156
4500;0.018547;0.018526;0.018467;0.018368;0.018237;0.018075;0.017848;0.017564;0.017235;0.016855;0.016428;0.015983;0.015491;0.014956;0.014408;0.013886;0.013434;0.013102;0.012932;0.012941
5000;0.018532;0.018511;0.018452;0.018354;0.01822;0.01805;0.017809;0.017515;0.017172;0.016788;0.016355;0.015908;0.015418;0.014894;0.014378;0.01387;0.013409;0.013039;0.012805;0.012746
5500;0.018519;0.018499;0.01844;0.018342;0.018208;0.018038;0.017792;0.017494;0.017146;0.016749;0.016304;0.015858;0.015374;0.014856;0.014352;0.013856;0.013391;0.013005;0.012731;0.012593
6000;0.018509;0.018488;0.018429;0.018331;0.018198;0.01803;0.017781;0.017477;0.017128;0.016722;0.016269;0.01582;0.015333;0.014821;0.014327;0.013842;0.013377;0.012975;0.012671;0.012486
6500;0.0185;0.018479;0.01842;0.018323;0.018188;0.018022;0.017776;0.017462;0.017114;0.016706;0.016238;0.015783;0.015295;0.014789;0.014301;0.013829;0.013365;0.012952;0.012623;0.012396
7000;0.018377;0.018362;0.018318;0.018245;0.018145;0.018014;0.017773;0.017455;0.017102;0.016694;0.016216;0.015744;0.015259;0.014761;0.014276;0.013817;0.013357;0.012936;0.012606;0.012322
7500;0.018236;0.018221;0.018178;0.018107;0.018009;0.01789;0.017705;0.017446;0.017092;0.016685;0.016204;0.015711;0.015227;0.014736;0.014256;0.013806;0.013353;0.012927;0.012558;0.012264
8000;0.018094;0.01808;0.018038;0.017969;0.017873;0.017757;0.017576;0.017328;0.017034;0.016681;0.016195;0.015688;0.015198;0.014716;0.014239;0.013796;0.013352;0.012924;0.012541;0.012222
8500;0.017951;0.017938;0.017898;0.01783;0.017736;0.01762;0.017447;0.017211;0.01693;0.016594;0.016166;0.015673;0.015173;0.014697;0.014226;0.013786;0.013354;0.012927;0.012537;0.012202
9000;0.017808;0.017795;0.017755;0.017688;0.017595;0.017483;0.017319;0.017098;0.016825;0.016501;0.016083;0.015632;0.015158;0.014682;0.014216;0.013776;0.013356;0.012936;0.012541;0.012185
9500;0.017662;0.017649;0.01761;0.017546;0.017456;0.017349;0.017195;0.016985;0.016719;0.016402;0.016001;0.01557;0.015125;0.014669;0.01421;0.01377;0.01336;0.012949;0.012553;0.012189
10000;0.017518;0.017506;0.01747;0.017408;0.017322;0.01722;0.017076;0.016873;0.016609;0.016301;0.015918;0.015509;0.015086;0.014643;0.014205;0.013769;0.013366;0.012966;0.012573;0.012204
10500;0.01738;0.017369;0.017335;0.017277;0.017195;0.017095;0.016956;0.016758;0.016494;0.016201;0.015837;0.015449;0.015047;0.014625;0.014189;0.013772;0.013375;0.012987;0.0126;0.012231
11000;0.01725;0.017239;0.017207;0.01715;0.017069;0.016972;0.016833;0.016634;0.016382;0.016103;0.01576;0.015391;0.01501;0.014607;0.014182;0.01377;0.013384;0.013011;0.012632;0.012268
11500;0.017388;0.017377;0.017344;0.017286;0.017206;0.017108;0.016971;0.016778;0.01653;0.016252;0.015912;0.015546;0.015166;0.014762;0.014338;0.013922;0.013536;0.013161;0.012779;0.01241
12000;0.017529;0.017518;0.017485;0.017428;0.017347;0.017247;0.017112;0.016926;0.016683;0.016407;0.016069;0.015706;0.015327;0.014922;0.014498;0.01408;0.013693;0.013316;0.012931;0.012557
12500;0.017676;0.017665;0.017631;0.017573;0.017491;0.017392;0.017258;0.017076;0.016842;0.016567;0.016233;0.015873;0.015494;0.015088;0.014663;0.014244;0.013855;0.013476;0.013088;0.012709
13000;0.017826;0.017815;0.017781;0.017723;0.017641;0.017543;0.017411;0.017232;0.017004;0.016734;0.016404;0.016045;0.015667;0.015261;0.014834;0.014413;0.014023;0.013642;0.013252;0.012868
13500;0.017982;0.017971;0.017938;0.01788;0.017799;0.017702;0.017571;0.017394;0.017168;0.016907;0.016583;0.016225;0.015847;0.015439;0.015012;0.014587;0.014197;0.013814;0.013421;0.013033
14000;0.018146;0.018135;0.018102;0.018044;0.017964;0.017868;0.017739;0.017564;0.017338;0.017082;0.016769;0.016412;0.016034;0.015625;0.015197;0.014771;0.014379;0.013992;0.013596;0.013204
0.55;0;0.05;0.1;0.15;0.2;0.25;0.3;0.35;0.4;0.45;0.5;0.55;0.6;0.65;0.7;0.75;0.8;0.85;0.9;0.95
0;0.01824;0.018228;0.018191;0.01813;0.01804;0.017918;0.017761;0.017556;0.017298;0.016952;0.016511;0.01585;0.015042;0.014417;0.014061;0.014046;0.014498;-9999;-9999;-9999
500;0.01807;0.018052;0.018015;0.017954;0.017865;0.017744;0.017586;0.017375;0.017121;0.016789;0.016363;0.015736;0.014945;0.014308;0.013937;0.013887;0.01428;-9999;-9999;-9999
1000;0.017893;0.01788;0.017843;0.017782;0.017689;0.017564;0.017405;0.017197;0.016946;0.016627;0.01622;0.015626;0.014849;0.014207;0.013814;0.013734;0.01407;-9999;-9999;-9999
1500;0.017736;0.017722;0.017682;0.017616;0.017519;0.017387;0.017229;0.017023;0.016777;0.016467;0.016077;0.015524;0.014755;0.014109;0.013696;0.013585;0.013867;-9999;-9999;-9999
2000;0.01759;0.017576;0.017536;0.017471;0.017375;0.017245;0.017081;0.016868;0.016613;0.016308;0.015935;0.015419;0.014667;0.014016;0.013586;0.013442;0.013672;0.01437;-9999;-9999
2500;0.017449;0.017435;0.017395;0.017331;0.017236;0.017107;0.016944;0.016734;0.016482;0.016168;0.015797;0.015292;0.014583;0.013943;0.013513;0.013303;0.013486;0.014102;-9999;-9999
3000;0.017313;0.0173;0.01726;0.017196;0.017101;0.016974;0.016812;0.016603;0.016355;0.016042;0.015683;0.015203;0.014538;0.013882;0.013413;0.01319;0.013309;0.013846;-9999;-9999
3500;0.017208;0.017194;0.017152;0.017085;0.016987;0.016857;0.016693;0.016483;0.016238;0.015934;0.015593;0.015144;0.014518;0.013842;0.01335;0.013089;0.013155;0.013601;-9999;-9999
4000;0.017114;0.0171;0.017059;0.016992;0.016894;0.016765;0.016601;0.016391;0.016149;0.015848;0.015511;0.015083;0.014495;0.013815;0.013306;0.013015;0.013033;0.013378;-9999;-9999
4500;0.017025;0.017011;0.016969;0.016903;0.016806;0.016677;0.016512;0.016304;0.016064;0.015763;0.01543;0.01502;0.014469;0.013801;0.013265;0.012952;0.01293;0.013212;-9999;-9999
5000;0.016941;0.016927;0.016886;0.016819;0.016722;0.016593;0.016429;0.016221;0.015982;0.015682;0.01535;0.014957;0.014439;0.013785;0.013242;0.012902;0.012833;0.013051;-9999;-9999
5500;0.016862;0.016848;0.016806;0.016739;0.016643;0.016514;0.01635;0.016142;0.015902;0.015604;0.015273;0.014894;0.014384;0.013772;0.013225;0.012858;0.012743;0.012916;0.013393;-9999
6000;0.016789;0.016774;0.016732;0.016665;0.016568;0.01644;0.016275;0.016065;0.015827;0.01553;0.015201;0.01483;0.014347;0.01376;0.013211;0.012824;0.012661;0.012773;0.013176;-9999
6500;0.016721;0.016706;0.016664;0.016596;0.016499;0.01637;0.016203;0.015992;0.015754;0.01546;0.015133;0.014767;0.014309;0.013747;0.0132;0.012789;0.012589;0.012641;0.012969;-9999
7000;0.016659;0.016644;0.016602;0.016532;0.016435;0.016305;0.016137;0.015924;0.015686;0.015393;0.01507;0.014706;0.014269;0.013734;0.013192;0.012765;0.012525;0.012521;0.012775;-9999
7500;0.016604;0.016588;0.016545;0.016474;0.016376;0.016246;0.016075;0.015861;0.015621;0.01533;0.015009;0.014649;0.01423;0.01372;0.013187;0.012745;0.012471;0.012412;0.012595;-9999
8000;0.016553;0.016538;0.016494;0.016422;0.016322;0.016192;0.016019;0.015803;0.015562;0.015272;0.014953;0.014597;0.014191;0.013692;0.013182;0.012731;0.012427;0.012317;0.01243;-9999
8500;0.016512;0.016497;0.016452;0.016379;0.016279;0.016147;0.01597;0.015753;0.015509;0.01522;0.014902;0.01455;0.014153;0.013677;0.013179;0.012723;0.012391;0.012235;0.012285;0.012583
9000;0.01648;0.016464;0.016419;0.016345;0.016244;0.016112;0.015934;0.015711;0.015463;0.015174;0.014856;0.014507;0.014115;0.013665;0.013177;0.01272;0.01236;0.012165;0.012159;0.012367
9500;0.016455;0.016439;0.016394;0.016319;0.016216;0.016085;0.015904;0.015681;0.015426;0.015133;0.014815;0.014468;0.014079;0.013652;0.013175;0.01272;0.012346;0.012107;0.012054;0.012175
10000;0.016436;0.01642;0.016374;0.016299;0.016196;0.016064;0.015882;0.015657;0.0154;0.0151;0.014779;0.014433;0.014049;0.013639;0.013185;0.012726;0.012337;0.012056;0.011952;0.01201
10500;0.016423;0.016407;0.016361;0.016286;0.016183;0.016052;0.015868;0.015641;0.015381;0.015081;0.014749;0.014404;0.014024;0.013625;0.013188;0.012743;0.012332;0.012027;0.01187;0.011858
11000;0.016419;0.016403;0.016355;0.01628;0.016177;0.016047;0.015861;0.015632;0.01537;0.015068;0.014726;0.01438;0.014005;0.013613;0.013196;0.012769;0.012349;0.012016;0.011808;0.011731
11500;0.016573;0.016556;0.01651;0.016434;0.016331;0.016201;0.016015;0.015788;0.015528;0.015228;0.014891;0.014544;0.01417;0.013781;0.013362;0.01293;0.01251;0.012172;0.011958;0.011893
12000;0.016734;0.016718;0.016672;0.016596;0.016492;0.016361;0.016177;0.01595;0.015691;0.015395;0.015061;0.014713;0.014342;0.013955;0.013548;0.013098;0.012678;0.012334;0.012115;0.012044
12500;0.016903;0.016887;0.01684;0.016764;0.01666;0.016528;0.016345;0.01612;0.015862;0.015568;0.015237;0.01489;0.01452;0.014135;0.013725;0.013272;0.012851;0.012505;0.01228;0.012203
13000;0.01708;0.017064;0.017017;0.016941;0.016835;0.016703;0.016521;0.016297;0.01604;0.015748;0.01542;0.015073;0.014707;0.014324;0.01391;0.013455;0.013029;0.012683;0.012452;0.012369
13500;0.017266;0.01725;0.017203;0.017126;0.01702;0.016888;0.016706;0.016482;0.016226;0.015936;0.015611;0.015263;0.014901;0.014522;0.014104;0.013647;0.013217;0.012869;0.012633;0.012539
14000;0.017462;0.017445;0.017398;0.01732;0.017214;0.017082;0.016901;0.016677;0.016422;0.016133;0.01581;0.015465;0.015106;0.014729;0.014307;0.013849;0.013415;0.013062;0.012819;0.012715
0.53;0;0.05;0.1;0.15;0.2;0.25;0.3;0.35;0.4;0.45;0.5;0.55;0.6;0.65;0.7;0.75;0.8;0.85;0.9;0.95
0;0.018023;0.018011;0.017972;0.017909;0.017816;0.017691;0.017526;0.017304;0.017;0.016604;0.016061;0.015323;0.014562;0.014068;0.013839;0.014093;-9999;-9999;-9999;-9999
500;0.01784;0.017821;0.017783;0.01772;0.017628;0.017504;0.017345;0.017132;0.016849;0.016461;0.015943;0.015222;0.014448;0.013952;0.013703;0.013913;0.014695;-9999;-9999;-9999
1000;0.017645;0.017633;0.017595;0.017534;0.017443;0.017322;0.017166;0.016961;0.016689;0.016315;0.015824;0.015119;0.014349;0.013837;0.013572;0.013738;0.014442;-9999;-9999;-9999
1500;0.017482;0.017469;0.01743;0.017367;0.017272;0.017146;0.01699;0.016792;0.016532;0.016178;0.015703;0.015018;0.014261;0.013737;0.013452;0.013569;0.014197;-9999;-9999;-9999
2000;0.017331;0.017319;0.01728;0.017218;0.017125;0.017001;0.016842;0.016639;0.016378;0.016045;0.015576;0.014932;0.014192;0.013658;0.013354;0.013404;0.013961;-9999;-9999;-9999
2500;0.017197;0.017183;0.017144;0.01708;0.016985;0.016859;0.016703;0.016501;0.016254;0.015927;0.015478;0.014857;0.014125;0.013577;0.013257;0.013266;0.013734;-9999;-9999;-9999
3000;0.017084;0.017071;0.017033;0.016969;0.016877;0.016753;0.016597;0.016398;0.016158;0.015841;0.015416;0.014804;0.014073;0.013499;0.013163;0.013136;0.013518;-9999;-9999;-9999
3500;0.016975;0.016962;0.016924;0.016862;0.01677;0.016648;0.016494;0.016297;0.016062;0.015749;0.015353;0.014753;0.014038;0.013454;0.013088;0.01302;0.01334;-9999;-9999;-9999
4000;0.016869;0.016856;0.016818;0.016756;0.016666;0.016545;0.016393;0.016199;0.015958;0.015656;0.015287;0.014709;0.014004;0.013411;0.01303;0.012925;0.013189;-9999;-9999;-9999
4500;0.016765;0.016753;0.016715;0.016654;0.016564;0.016445;0.016294;0.016095;0.015856;0.015564;0.015197;0.014671;0.01397;0.013373;0.012977;0.012836;0.013047;-9999;-9999;-9999
5000;0.016666;0.016653;0.016616;0.016555;0.016466;0.016344;0.01619;0.015991;0.015758;0.015472;0.015122;0.014635;0.013941;0.01334;0.012927;0.012753;0.012915;0.013505;-9999;-9999
5500;0.016568;0.016555;0.016517;0.016454;0.016363;0.016241;0.016088;0.015893;0.015663;0.01538;0.015047;0.014594;0.013921;0.01331;0.012866;0.012676;0.012792;0.013306;-9999;-9999
6000;0.016468;0.016455;0.016416;0.016354;0.016263;0.016142;0.015991;0.015798;0.01557;0.01529;0.014971;0.01455;0.013912;0.013284;0.012835;0.012606;0.012677;0.013117;-9999;-9999
6500;0.016372;0.016359;0.01632;0.016258;0.016168;0.016049;0.015897;0.015706;0.015482;0.015205;0.014896;0.014504;0.013901;0.013261;0.012799;0.01254;0.012573;0.01295;-9999;-9999
7000;0.016282;0.016269;0.016231;0.016169;0.016079;0.015959;0.015809;0.015618;0.015397;0.015125;0.014824;0.014457;0.013888;0.013257;0.012767;0.012486;0.012477;0.01278;-9999;-9999
7500;0.016201;0.016188;0.016149;0.016086;0.015997;0.015878;0.015728;0.015538;0.01532;0.015049;0.014752;0.014389;0.013871;0.013254;0.012752;0.012446;0.012389;0.012622;-9999;-9999
8000;0.016125;0.016112;0.016073;0.016011;0.015921;0.015802;0.015652;0.015463;0.015248;0.01498;0.014684;0.014336;0.013853;0.013254;0.012747;0.012413;0.01231;0.012477;-9999;-9999
8500;0.016057;0.016044;0.016005;0.015942;0.015852;0.015733;0.015582;0.015394;0.01518;0.014916;0.014623;0.014284;0.013831;0.013255;0.012747;0.012388;0.012241;0.012346;0.012748;-9999
9000;0.015996;0.015983;0.015943;0.01588;0.01579;0.015671;0.015519;0.01533;0.015118;0.014856;0.014565;0.014233;0.013808;0.013257;0.012752;0.012367;0.01218;0.012229;0.012551;-9999
9500;0.015944;0.01593;0.01589;0.015826;0.015735;0.015617;0.015464;0.015273;0.015062;0.014802;0.014512;0.014185;0.013783;0.013261;0.012761;0.012357;0.012131;0.012122;0.012372;-9999
10000;0.015902;0.015888;0.015848;0.015783;0.015692;0.015572;0.015417;0.015224;0.015012;0.014753;0.014464;0.014141;0.013756;0.013265;0.012774;0.012356;0.012094;0.01203;0.012216;-9999
10500;0.015871;0.015857;0.015816;0.01575;0.015659;0.015539;0.015382;0.015185;0.014969;0.014709;0.014422;0.014102;0.013735;0.01327;0.01279;0.012363;0.01207;0.011954;0.012064;-9999
11000;0.015849;0.015835;0.015793;0.015727;0.015634;0.015515;0.015355;0.015158;0.014934;0.014672;0.014386;0.01407;0.013716;0.013275;0.012809;0.012379;0.012059;0.011894;0.011936;0.012195
11500;0.016016;0.016003;0.015961;0.015894;0.015802;0.015682;0.015522;0.015326;0.015105;0.014842;0.014557;0.014243;0.013892;0.013446;0.012979;0.012545;0.012221;0.01205;0.012087;0.012343
12000;0.016193;0.016179;0.016137;0.01607;0.015977;0.015856;0.015697;0.015501;0.015281;0.015019;0.014735;0.014424;0.014075;0.013624;0.013157;0.012719;0.01239;0.012213;0.012244;0.012496
12500;0.016378;0.016364;0.016322;0.016254;0.01616;0.016039;0.015879;0.015683;0.015464;0.015205;0.014921;0.014612;0.014275;0.013811;0.013341;0.012903;0.012569;0.012384;0.012409;0.012655
13000;0.016571;0.016557;0.016515;0.016447;0.016352;0.01623;0.01607;0.015874;0.015656;0.015399;0.015116;0.014809;0.014471;0.014008;0.013536;0.013098;0.012758;0.012564;0.012581;0.012833
13500;0.016775;0.01676;0.016718;0.016649;0.016554;0.016431;0.01627;0.016074;0.015856;0.015601;0.01532;0.015016;0.014677;0.014214;0.013741;0.013303;0.012957;0.012754;0.012762;0.013003
14000;0.016989;0.016974;0.016931;0.016862;0.016766;0.016642;0.016481;0.016285;0.016067;0.015814;0.015533;0.015233;0.014893;0.014432;0.013958;0.013519;0.013168;0.012956;0.012952;0.01318
0.5;0;0.05;0.1;0.15;0.2;0.25;0.3;0.35;0.4;0.45;0.5;0.55;0.6;0.65;0.7;0.75;0.8;0.85;0.9;0.95
0;0.0184660614970708;0.0184447264638672;0.0183796743090299;0.0182724185379025;0.0181174075447578;0.0179146974097864;0.0176538594269003;0.0173231821402047;0.0169287401643534;0.0164397199241537;0.0158301352862584;0.0150395261651393;0.0141718831522865;0.0134981963289436;0.0130896053120927;0.0131159988073619;-9999;-9999;-9999;-9999
500;0.0183271144462537;0.0182992758894646;0.0182370031562551;0.0181327393780995;0.0179830334963357;0.0177872649332293;0.0175287038996183;0.0171994212236518;0.0168130941881803;0.016329476312886;0.0157321664742847;0.0149575685493652;0.0140884446354027;0.0134077697553642;0.0129751264134743;0.0129554424604068;0.0134655203797563;-9999;-9999;-9999
1000;0.0181808218495027;0.0181589716337619;0.0180957550574143;0.0179920727365814;0.0178426049223145;0.0176491471628427;0.0173982892328565;0.0170797336414995;0.0166961345184487;0.0162214555269038;0.0156402618348209;0.0148824452354824;0.0140171086164821;0.0133242628311649;0.0128669879104521;0.0127969712817805;0.0132265018556245;-9999;-9999;-9999
1500;0.0180577253755347;0.018035560600902;0.0179722245529736;0.0178666349014134;0.0177139234687377;0.0175161189649473;0.0172657974916697;0.0169543430982686;0.0165840695719388;0.0161234208589095;0.0155523134622564;0.014817773365688;0.0139557765472959;0.0132516974221459;0.012769492209094;0.0126492756219502;0.0130029828754909;-9999;-9999;-9999
2000;0.0179443920739065;0.0179235072578634;0.01786057272381;0.017758272376242;0.0176081760716519;0.0174134981846231;0.0171614817949439;0.0168435871053569;0.0164658225706632;0.0160221263435639;0.0154661404101868;0.0147650275163698;0.0139129764325406;0.0131978642265664;0.0126908807511013;0.0125096934179664;0.0127897974832187;-9999;-9999;-9999
2500;0.0178380501818187;0.0178159936540664;0.017754439650957;0.0176534142700749;0.0175064860262634;0.0173150598087642;0.0170691778439397;0.0167536478639006;0.0163845341891961;0.0159360916327444;0.0153895229500869;0.014707790703224;0.0138753800932489;0.0131564467976377;0.0126341075412485;0.0123908031731274;0.012588680158788;-9999;-9999;-9999
3000;0.0177392834189093;0.0177186745845515;0.0176590425501811;0.0175598198823575;0.0174173669832929;0.0172310821826347;0.0169874946902884;0.0166794023673561;0.0163200558208527;0.0158795751868771;0.0153516557161287;0.0146777543529232;0.013861816847817;0.0131222179983442;0.0125703667899355;0.0122921510721606;0.012405806398828;-9999;-9999;-9999
3500;0.0176522663291124;0.0176319921760825;0.0175721697834805;0.0174743899780747;0.0173333193821784;0.0171500998128055;0.0169106529401657;0.0166073148048987;0.0162568724935452;0.0158259687985156;0.0153233043906852;0.0146710298998714;0.0138751438237517;0.0131153781126878;0.0125337568227723;0.0122112387424942;0.0122563434193195;-9999;-9999;-9999
4000;0.0175733267145684;0.017553172763766;0.0174941887159403;0.0173969649534038;0.017258220962256;0.0170773225834558;0.0168410490351325;0.0165449202287761;0.0161971379603876;0.0157779242855205;0.0152947271283853;0.0146650311234823;0.013890999421618;0.0131230116391342;0.0125210936276932;0.0121562075750459;0.0121413943940049;-9999;-9999;-9999
4500;0.0174929408331688;0.0174739409269953;0.0174168197265857;0.0173222817040034;0.0171873670394916;0.0170125313561259;0.0167802381253436;0.0164831452114163;0.0161385296419595;0.015727521549091;0.0152504378135759;0.0146556392043969;0.0139039435390524;0.0131382686475207;0.0125187065756912;0.0121236512220907;0.0120474046360517;-9999;-9999;-9999
5000;0.0174124701596971;0.0173935451537767;0.0173387526595461;0.0172476932139397;0.0171168582065854;0.0169445103930333;0.0167160250734582;0.016424443159954;0.01608556525405;0.0156829064463159;0.015214765563257;0.0146446721919863;0.0139128595886934;0.0131523129795179;0.0125308681798502;0.0121098025801253;0.011981476916663;0.0122139739639593;-9999;-9999
5500;0.0173299622957116;0.0173119082948522;0.0172577412732428;0.0171687003443101;0.0170407674819995;0.0168730066392021;0.0166502603646118;0.0163682281230498;0.0160355672231389;0.0156399228216285;0.0151858917995363;0.0146449698115714;0.0139229566753964;0.0131728273857522;0.0125359609359351;0.0120983420474793;0.0119249941256709;0.0120927969056185;-9999;-9999
6000;0.0172475561772603;0.0172289067123724;0.0171760368478285;0.0170897155113715;0.0169651926427938;0.0168029495423217;0.0165863624364577;0.0163097782719415;0.0159841921025256;0.0155940293728923;0.0151540928240093;0.0146383860555734;0.013949367105261;0.0132040516894654;0.0125577814849868;0.0120897212532956;0.0118727246444021;0.0119721776043346;-9999;-9999
6500;0.0171667987070408;0.0171492022857327;0.0170976116497232;0.0170136886511744;0.0168924461533385;0.0167355963191574;0.0165235951893308;0.0162507094210153;0.0159336278172485;0.0155503526978753;0.0151173999598327;0.0146220046879658;0.0139663226833247;0.0132306826756876;0.0125819474263767;0.012089055902362;0.0118284973753616;0.0118663873710036;-9999;-9999
7000;0.0170741854097234;0.0170578012887802;0.0170101497617164;0.0169303611651625;0.0168163124235521;0.0166671749433677;0.016461398901163;0.016193868555135;0.0158852008687645;0.0155105847724976;0.015084705786226;0.0146016776347262;0.013974886635635;0.0132600131525909;0.0126049139022374;0.0120990424034728;0.0118009536522647;0.0117705363027537;-9999;-9999
7500;0.0169845809881902;0.016968094919651;0.0169209769215329;0.0168425700886607;0.0167318041940848;0.0165871950610288;0.0163928852590834;0.0161386931195005;0.0158369785089564;0.0154703180495716;0.0150513399528307;0.0145706906854834;0.013980284285278;0.0132864428906439;0.0126322862509442;0.0121121680625956;0.0117801422925269;0.0116893939511971;-9999;-9999
8000;0.0168965794570921;0.0168813784503872;0.016835033886135;0.0167598455915161;0.016650987919727;0.016510454261144;0.0163193741125436;0.0160726307445043;0.0157852620700526;0.0154318433900899;0.0150189839530907;0.0145466401279362;0.0139805989790046;0.0133056414881986;0.012661322624971;0.0121262368343365;0.0117625819193775;0.0116169435687574;-9999;-9999
8500;0.0168148942989214;0.0168004219483828;0.0167553855866944;0.0166817557453415;0.0165767184555292;0.0164390790725006;0.0162514271975541;0.0160118837989943;0.0157315223361054;0.0153887189961988;0.0149864407705579;0.0145223105374513;0.0139751734157556;0.0133251466971751;0.0126899002760561;0.0121437402204042;0.0117511761519358;0.0115563368358091;0.0116084147318129;-9999
9000;0.0167370604476338;0.0167226427432258;0.0166789093934314;0.0166073362280813;0.0165056913086342;0.0163733788367006;0.0161913163979844;0.0159564632372408;0.015681661611057;0.0153479204086754;0.014952111132769;0.0144985607302224;0.0139660285322778;0.0133425403364482;0.0127169782805488;0.0121613217169181;0.0117423880035349;0.0115071552039281;0.0114951807926398;-9999
9500;0.0166641729918567;0.0166496592902614;0.0166076650564186;0.0165381134083099;0.0164390613055938;0.0163125809518723;0.0161352953317904;0.0159059062833819;0.0156343845087355;0.015307205697206;0.014919804593328;0.0144766101923807;0.0139619035090245;0.0133553999802206;0.0127411995686094;0.0121807448489599;0.0117443124101151;0.0114659899316833;0.0114004229574033;-9999
10000;0.0165939940946348;0.0165800941959129;0.0165391900758858;0.0164718725790898;0.0163770123528579;0.0162550163074093;0.01608392641017;0.0158602043727122;0.0155930849868661;0.0152688783529796;0.014888735106469;0.01445563121051;0.0139574708251026;0.01337768649832;0.0127691533453563;0.0122020711697359;0.0117475789815791;0.0114323643479957;0.0113174207170817;-9999
10500;0.0165346141495942;0.0165212256179815;0.0164816697719133;0.0164164553325746;0.0163241301738444;0.0162044785476722;0.0160359408321969;0.0158161194733133;0.0155499733262095;0.0152327687461114;0.0148583872395705;0.0144361024686596;0.0139552070708421;0.0133996440126407;0.0128055885172968;0.0122316107419238;0.0117521868682279;0.0114103446920514;0.0112427574539726;-9999
11000;0.016479213487024;0.0164659950784926;0.0164264242575373;0.0163626661618008;0.0162724716985701;0.0161590355967521;0.0159936100853073;0.0157760391626239;0.0155118184132048;0.0151995625355956;0.014830158868359;0.0144168577751018;0.0139506775363785;0.0134160499282907;0.0128428850797968;0.0122799038666681;0.0117744363762409;0.011398537002977;0.0111825593210925;0.0111336558949505
11500;0.0166418877473343;0.0166286550788015;0.0165893750086384;0.016524698841248;0.0164350135987369;0.0163199448043475;0.0161535225859784;0.0159366544776865;0.0156749089533701;0.0153634765849427;0.0149989501732685;0.0145877570780961;0.0141256266158636;0.0135912243916663;0.0130187973864767;0.0124495636926553;0.0119431104590182;0.0115632144826075;0.0113426090974353;0.0112980436145129
12000;0.0168128228613331;0.0167996009273675;0.0167605118505026;0.016695429300865;0.0166039167077576;0.0164857469244038;0.0163192104713503;0.0161019560063782;0.0158408667028592;0.0155310576530576;0.0151677602989797;0.0147578367501272;0.0142993061998613;0.0137644160777721;0.0131976397695743;0.0126200859438922;0.0121129243505504;0.0117290465001902;0.0115042100173238;0.0114529562833576
12500;0.016992677220229;0.0169791890666118;0.0169388639977996;0.0168724926740855;0.0167790779257088;0.0166589848155086;0.0164901472974873;0.0162735462724481;0.016014080283752;0.0157059026083239;0.0153425822844579;0.0149325935556384;0.0144789922980717;0.013937889607554;0.0133685915319354;0.0127910049142819;0.0122821084958027;0.0118948380836847;0.0116636733884696;0.0116081396965054
13000;0.0171794894290745;0.0171663255197753;0.017125301553305;0.0170580491503187;0.0169615381344516;0.0168391160458043;0.0166695413524407;0.0164525491764427;0.0161945016937258;0.0158880259266434;0.0155248028200473;0.0151146055759098;0.0146613417798382;0.01412052799764;0.013546365608854;0.0129659321342626;0.0124511799223414;0.0120591661323176;0.011823904963705;0.0117698456238409
13500;0.0173764835979719;0.0173622540584821;0.0173209582999196;0.0172513515363789;0.017153753718744;0.0170292908710702;0.0168582566492851;0.0166403836764029;0.0163823486074117;0.0160773331405746;0.0157157588550319;0.0153054524712994;0.0148518746950348;0.0143104155380743;0.0137330849789011;0.0131499315003158;0.0126288715897812;0.0122294221255567;0.0119853144285152;0.0119203073204975
14000;0.0175828446697304;0.017568044403133;0.0175255905863392;0.0174543749383267;0.0173547653356945;0.0172288597358031;0.0170571190735207;0.0168388639082619;0.0165795810084936;0.0162743609069653;0.0159148688036137;0.0155068221781807;0.01505257578383;0.0145114566995978;0.0139306839954489;0.0133452152184726;0.0128177825186206;0.0124086508771869;0.0121524828532544;0.0120732805192246
0.45;0;0.05;0.1;0.15;0.2;0.25;0.3;0.35;0.4;0.45;0.5;0.55;0.6;0.65;0.7;0.75;0.8;0.85;0.9;0.95
0;0.0183282164596728;0.018301401884772;0.0182196314220986;0.0180849140873292;0.0178901193698754;0.0176360813626714;0.0173166127879357;0.0169203083516139;0.0164599153952169;0.0158947390927423;0.0151933958454871;0.0142781481648457;0.013283593615931;0.0125612660060137;0.0121903035156007;0.0123848407115093;-9999;-9999;-9999;-9999
500;0.0182207149322565;0.0181846070690241;0.0181056441773396;0.0179728353611836;0.0177824899791361;0.0175357272300891;0.0172183401933443;0.0168228929712015;0.0163714981721206;0.0158106309430265;0.015121303839239;0.0142224660698673;0.0132199473833224;0.0124818295237086;0.0120735632873014;0.0122016171475259;0.0130144275899879;-9999;-9999;-9999
1000;0.0180987696487573;0.0180706395016374;0.0179900727751811;0.0178582908732772;0.0176688024932204;0.0174251181481791;0.0171148654785317;0.0167299694342274;0.0162806873475511;0.0157292587998562;0.015058334921271;0.0141773008609037;0.0131740292710098;0.0124129339626516;0.0119655468760723;0.012022346146454;0.0127246045568457;-9999;-9999;-9999
1500;0.0180019119555435;0.0179736986412436;0.0178935058309133;0.0177598577535697;0.0175665753017237;0.0173178642843317;0.0170089972858263;0.0166326272586466;0.0161965934315267;0.0156610593656492;0.0150019964296053;0.0141475505976445;0.0131425931328235;0.0123589726775027;0.0118718628468018;0.0118569646273245;0.0124549074253989;-9999;-9999;-9999
2000;0.0179168641839818;0.0178903097565476;0.0178105108735925;0.0176815847825363;0.0174918676183213;0.0172474557208398;0.0169361896649672;0.0165511422701303;0.0161053605528841;0.0155897484694053;0.0149472040335453;0.01413435623863;0.0131378099042513;0.012331922133074;0.0118047510309437;0.0117025150376085;0.0121978132178286;-9999;-9999;-9999
2500;0.0178387548366385;0.0178107601948512;0.0177331737760287;0.017606254562998;0.0174215832463173;0.0171819243921745;0.0168792436692395;0.0164974661044024;0.0160618693894016;0.0155375283860043;0.0149051362190271;0.0141134278739913;0.0131392085454359;0.0123225835225962;0.0117680592625624;0.0115773717844818;0.0119579997118524;-9999;-9999;-9999
3000;0.0177674012153799;0.0177413884605339;0.0176668565787891;0.0175428238730579;0.0173647766695809;0.0171329162225521;0.0168341821340193;0.0164625462992538;0.0160389114677913;0.0155243434118779;0.0149147326510093;0.0141298832144106;0.0131711866965943;0.0123223939280984;0.0117232513476384;0.0114800115478755;0.0117432048867468;-9999;-9999;-9999
3500;0.0177092018154642;0.0176839539273394;0.0176096539948602;0.0174881383974619;0.0173130873669873;0.0170857136596449;0.0167929099951071;0.0164271344635177;0.0160155340076099;0.0155131129164232;0.0149343304780962;0.0141757815459473;0.0132404312750927;0.012358781138713;0.011714711736495;0.0114073587808337;0.0115733961557274;-9999;-9999;-9999
4000;0.0176626747001132;0.0176374771470859;0.0175642855411762;0.0174437235502629;0.0172719133331938;0.0170476969742773;0.016758197379424;0.0164026190847125;0.0159938812512471;0.0155064539352451;0.0149517646500669;0.0142203473667267;0.0133107070016183;0.0124147910290482;0.0117383405146472;0.0113690209157332;0.0114510833288382;-9999;-9999;-9999
4500;0.0176107004898579;0.0175872308355722;0.0175171727704585;0.0174010357553973;0.0172357045679198;0.0170212696247738;0.0167374934858969;0.0163783039697246;0.0159728404630486;0.015494622964821;0.0149460778259732;0.0142574799238484;0.0133742569541965;0.0124789072236442;0.01177532408859;0.0113614658942406;0.0113576068120523;-9999;-9999;-9999
5000;0.0175535494610442;0.0175303819570229;0.0174635114753445;0.0173529198298189;0.0171937718305985;0.0169840296842328;0.0167076577025193;0.0163572963362099;0.0159600695920862;0.0154924970377662;0.0149521546332528;0.0142913351633659;0.0134304594620604;0.0125378552746343;0.0118281137234517;0.0113768041946178;0.0113011274503568;0.0116887513000589;-9999;-9999
5500;0.01749067269522;0.0174687682652711;0.0174031882621576;0.0172958489405354;0.0171413382748798;0.0169387756940717;0.0166709072270864;0.0163345512425483;0.0159461292418867;0.0154885501780426;0.0149669321286574;0.0143432261445771;0.0134883518516052;0.0126027038990413;0.0118685074249806;0.0113922833207289;0.0112554363402351;0.0115544924380444;-9999;-9999
6000;0.0174251982478193;0.0174026694585055;0.0173392579335477;0.0172362394574644;0.017087008958891;0.016892585377591;0.0166342428326116;0.0163063920773275;0.0159275776456408;0.0154768779488543;0.0149740587249839;0.0143824224670736;0.0135691530386508;0.0126858541058993;0.0119317747300735;0.0114090159626437;0.0112119976973332;0.0114190958428717;-9999;-9999
6500;0.0173588663326157;0.0173379282092667;0.0172764849739417;0.0171769209477508;0.0170325624861398;0.0168459468552723;0.016595029306021;0.0162738022902761;0.0159071306115541;0.0154657102003637;0.0149720848940374;0.0144055077725318;0.0136341331593792;0.0127605947632835;0.0119999153553903;0.0114398171882451;0.0111782016770672;0.0113011201097255;-9999;-9999
7000;0.0172853908464472;0.0172655811457595;0.0172081678899576;0.0171119870620011;0.016974387247386;0.0167954919307104;0.0165535802742504;0.0162409863769081;0.0158862986050064;0.0154564597979818;0.0149716679548713;0.0144203161627932;0.0136842971451237;0.0128352139604421;0.01206332825408;0.0114826796198865;0.0111680285515541;0.0111963560662391;-9999;-9999
7500;0.0172147598010653;0.0171949305622815;0.0171384211156944;0.0170445465968567;0.0169122021162135;0.0167391915549099;0.0165084099614472;0.0162082532545593;0.0158632610637771;0.0154441727215146;0.0149674094575748;0.0144179621038624;0.0137277400601858;0.0129030503569838;0.0121288901624473;0.0115262058067691;0.0111642115330412;0.0111101945874644;-9999;-9999
8000;0.0171437247431107;0.0171257026497494;0.0170704705001479;0.0169815005151536;0.0168521236983922;0.016684939363015;0.0164588308143646;0.0161689506601707;0.0158379188386039;0.0154313944143863;0.0149621197421164;0.0144220343732745;0.0137622911861161;0.012959381958193;0.0121949117852393;0.01156901933822;0.0111622773704909;0.0110333551070548;-9999;-9999
8500;0.0170791766607016;0.0170621345286728;0.017009063183619;0.0169227200242144;0.0167990430266919;0.0166367867886179;0.01641510291215;0.0161345851886899;0.015812426488051;0.0154185078908644;0.0149544755260796;0.0144213366837849;0.0137847279931126;0.0130120272721021;0.0122575960461207;0.0116147944954428;0.0111668085719923;0.0109706557774532;0.0110896971551484;-9999
9000;0.0170154065880194;0.0169988083979079;0.0169478919538699;0.0168649545644879;0.0167467742409237;0.0165926428196352;0.0163793261986974;0.0161049817678578;0.0157902690149803;0.0154076268552916;0.0149505650159725;0.0144244789956254;0.013799047935887;0.0130585194482309;0.0123140936659678;0.011656675986573;0.011171214254572;0.0109201614235966;0.0109542932904005;-9999
9500;0.0169554520654222;0.0169386879537448;0.0168905263123693;0.0168106753930801;0.0166966742082444;0.0165510401149988;0.0163447483208915;0.0160777574375388;0.0157670070824732;0.0153932235478308;0.0149462108332128;0.0144313796386682;0.0138246074468638;0.0130968779965436;0.0123642015498757;0.0116980290391811;0.0111877338100387;0.0108776245331113;0.0108396635182038;-9999
10000;0.0168942836197441;0.0168784562097231;0.0168314406466217;0.0167552547359172;0.0166478291841062;0.0165095599231452;0.0163129081628681;0.0160545902230205;0.0157502311243683;0.0153797434398365;0.0149409430062535;0.0144367135143522;0.0138480511688635;0.0131523360470314;0.0124165898845752;0.0117382518230767;0.0112029567355086;0.0108431482101167;0.0107388004367846;-9999
10500;0.0168483733591265;0.0168333215786218;0.0167885900325576;0.016714984233171;0.0166106067193066;0.0164750961522149;0.0162817204758844;0.0160294065101213;0.0157262979163007;0.0153644106646153;0.0149325437383443;0.0144405865952829;0.0138724014588172;0.013205465713389;0.0124854973539319;0.011787772389623;0.0112150993756858;0.0108191809102053;0.0106462128521703;-9999
11000;0.016803743444582;0.0167888066621965;0.016744204151626;0.0166728947141678;0.0165718092461721;0.0164455746610063;0.0162575882663675;0.0160081998449663;0.0157065249566037;0.0153502883650625;0.0149234169544266;0.0144409712788032;0.0138892500330078;0.0132467712582443;0.0125521538050287;0.0118670987429903;0.0112512884639921;0.0108053792111322;0.0105677433836638;0.0105447475298418
11500;0.016969497176212;0.0169544846244972;0.016910055002968;0.0168375701050864;0.016737017331752;0.0166082581903748;0.0164182260339592;0.0161686357139708;0.0158694918807492;0.0155142886674288;0.0150944094327648;0.0146149911601079;0.0140689973511472;0.0134276107022369;0.0127350351378858;0.0120415873426673;0.0114252767333131;0.0109755420736889;0.0107331912531546;0.0107171745241347
12000;0.0171448411870515;0.017129885755306;0.0170857812420647;0.0170124173680787;0.0169092002647275;0.0167757309539642;0.016584606238385;0.0163332404931784;0.0160342285070066;0.0156804533300444;0.0152615754974603;0.0147832798465026;0.0142420649858247;0.013600578012673;0.0129155478159836;0.0122124062893893;0.0115964276461801;0.0111428797274331;0.0108961037236672;0.010871544475651
12500;0.0173310325107503;0.0173156192119738;0.0172697571046825;0.0171945328435928;0.0170882164536304;0.0169513308043641;0.0167559629269379;0.0165046626903633;0.0162067689868737;0.0158547756335093;0.0154347060310708;0.014955471970266;0.0144201174873485;0.0137699311469546;0.013081908357953;0.0123794355750501;0.0117619792415403;0.0113048488534712;0.0110503016643341;0.0110218171834426
13000;0.0175246687613376;0.01750976039736;0.017462682223405;0.0173858085339257;0.0172748514997969;0.0171340947871468;0.0169369752938601;0.0166844778225853;0.0163875142357172;0.0160367894012487;0.0156156829619971;0.0151357260044744;0.0146002254257016;0.0139500183925556;0.0132550701182885;0.0125486032076491;0.0119233830847448;0.0114602928354022;0.0112017574930256;0.0111765949598603
13500;0.017730005455535;0.01771342745913;0.017665806781275;0.0175853318947524;0.0174723881763046;0.0173280355214348;0.0171286933390476;0.0168744482253744;0.0165770570723662;0.0162268297033869;0.0158064722945787;0.0153255614877545;0.0147893093735025;0.0141376316240126;0.0134379986018189;0.0127280749621822;0.012094328738837;0.0116212100527072;0.01135086634276;0.0113117852457437
14000;0.0179453598367601;0.0179281122510535;0.0178786034910528;0.0177955143264575;0.0176791671807048;0.0175326699718852;0.0173316231363944;0.0170764880580924;0.0167767887551991;0.0164251112091151;0.0160064467054429;0.0155274837056677;0.0149896541689154;0.0143383098417184;0.0136338973177073;0.012920479409978;0.0122782273176481;0.0117923430421592;0.0115059274234029;0.0114477114962983
0.4;0;0.05;0.1;0.15;0.2;0.25;0.3;0.35;0.4;0.45;0.5;0.55;0.6;0.65;0.7;0.75;0.8;0.85;0.9;0.95
0;0.0183844110968758;0.0183512326065241;0.0182500211050472;0.01808338063432;0.0178424785045091;0.0175291749083174;0.0171425911314878;0.0166719800864924;0.0161380801756011;0.0154894343687637;0.0146890546741243;0.0136401098513115;0.0125113185699802;0.0117440698916588;0.0114253547967494;0.0118183226210624;-9999;-9999;-9999;-9999
500;0.0183141960986768;0.0182686033170383;0.0181701783701371;0.018004071962011;0.0177664774213739;0.0174606921948626;0.0170758931409109;0.0166054938985414;0.0160814504678786;0.0154356825273526;0.0146467395819361;0.0136143652200054;0.0124699897924753;0.011676694524088;0.0113055644030831;0.0116088969115278;0.0127702881084596;-9999;-9999;-9999
1000;0.0182214228172446;0.0181859659054438;0.0180851437767223;0.0179205686016342;0.0176845585174931;0.0173826969208576;0.0170042224882623;0.0165440002115058;0.0160212984065361;0.0153853786207792;0.0146172364228394;0.0136035350642904;0.0124529444147594;0.0116241224726767;0.0111972321911818;0.0114056194903313;0.0124226094425293;-9999;-9999;-9999
1500;0.0181554450986196;0.0181201838121799;0.0180203286728824;0.0178539998947436;0.0176135928858596;0.017306000175378;0.0169298889600012;0.0164797510665449;0.0159700053259269;0.0153519296422088;0.0145975804236889;0.013613962039099;0.0124556791666271;0.0115911375525455;0.0111074834115443;0.0112197451953004;0.012100270551474;-9999;-9999;-9999
2000;0.0181037766224458;0.0180705892143088;0.0179711072025985;0.0178111192428351;0.0175753475392136;0.0172733458348291;0.0168939851536516;0.0164326142577239;0.0159106277712331;0.0153156987795773;0.0145792602366435;0.0136463207155457;0.0124944619044228;0.0115945459869755;0.0110531657418422;0.0110480604414646;0.0117930427075375;-9999;-9999;-9999
2500;0.0180589440544115;0.0180240263312319;0.0179277216268692;0.0177705875620032;0.0175420424153253;0.0172465138953119;0.0168785293746353;0.0164214113517982;0.0159111909874248;0.0153028664166472;0.0145772886796583;0.0136672783966033;0.0125406027766222;0.0116218648322026;0.0110391685981735;0.0109155889131809;0.0115090841760412;-9999;-9999;-9999
3000;0.0180198204120832;0.0179874960509945;0.0178955486514495;0.0177425735156414;0.0175231242140763;0.0172384544085494;0.0168763431348822;0.0164323832795259;0.0159365158202235;0.0153400217144018;0.0146417810596935;0.0137372730557183;0.0126246682966125;0.0116606267995235;0.0110160419577072;0.0108196248480337;0.0112579163629383;-9999;-9999;-9999
3500;0.0179954219455518;0.017964365237858;0.0178731480060347;0.0177239060114519;0.0175093545057626;0.01723080937324;0.0168766840504223;0.0164397787838569;0.0159594826501573;0.0153780224351398;0.0147168191790707;0.0138437577604035;0.0127580198786687;0.0117464350492329;0.0110395516851238;0.0107564417564017;0.0110649601976403;-9999;-9999;-9999
4000;0.0179872441089856;0.0179561402842468;0.0178663104753792;0.0177184389110565;0.0175081044635872;0.0172335762859;0.0168827431732453;0.0164594623850697;0.0159822543412081;0.0154194831864748;0.0147874805533748;0.0139465466546204;0.0128907224813854;0.011857949668135;0.0111047598888558;0.0107372074733389;0.0109343796581948;-9999;-9999;-9999
4500;0.0179690074418296;0.0179402879598077;0.0178550699671045;0.0177136446308899;0.0175128517929598;0.0172524204271301;0.0169093070546099;0.0164792616488369;0.0160052936930274;0.0154526769462286;0.0148267365318459;0.0140373533773093;0.0130123419025458;0.011978055730808;0.0111869074460614;0.0107584409245551;0.0108418339846645;-9999;-9999;-9999
5000;0.01793966476165;0.0179115127839084;0.0178304681026763;0.0176969847913601;0.0175047922757317;0.017251626184549;0.0169201145158683;0.0165027825748405;0.0160399917655784;0.0155006061670949;0.0148817238738459;0.0141230864003694;0.0131229226349051;0.012088475367332;0.0112861615425939;0.0108072273778041;0.0107964730346205;0.0113634102128869;-9999;-9999
5500;0.0179002152050145;0.0178737883153702;0.0177948311926236;0.0176660747294386;0.0174805912644633;0.0172376257448892;0.0169178338817321;0.016519640910535;0.0160686557052481;0.0155427282190841;0.0149478494783967;0.014235216949224;0.0132362278884096;0.012204177037467;0.0113669660679764;0.0108535680352103;0.0107634214499678;0.0112147884672758;-9999;-9999
6000;0.0178549129600639;0.0178278533102829;0.0177520913390534;0.0176295409510636;0.0174515443764175;0.0172197871495427;0.016913482116671;0.0165274152537848;0.0160890234564141;0.0155716325723992;0.0150008812795594;0.0143280179304325;0.0133802427527584;0.0123475154939329;0.0114779604404779;0.0108993658406209;0.0107303215667238;0.0110631510016587;-9999;-9999
6500;0.0178057027580661;0.0177808607501054;0.017707892022472;0.0175900575080607;0.0174187865443712;0.0171976379313059;0.0169021553238047;0.0165262050724284;0.0161042318420103;0.0155989932807253;0.0150400957620401;0.0143975745135489;0.0135011718743896;0.0124781693160382;0.0115971824576852;0.0109668079252358;0.0107088686989066;0.0109318113576674;-9999;-9999
7000;0.017755585355274;0.0177317457700907;0.0176627907097524;0.0175472732429276;0.0173820275333774;0.017168424372787;0.0168852186002831;0.016521796498875;0.0161159895995193;0.0156257933807548;0.0150778576565351;0.0144538668370812;0.0136000211417242;0.0126054779062252;0.0117076608657057;0.0110480177086799;0.0107193651102066;0.0108177516129612;-9999;-9999
7500;0.0177081286431478;0.0176843678498729;0.0176167531876028;0.0175046358750033;0.0173469646733187;0.017140799518901;0.0168680021935457;0.0165155779200784;0.0161226732503814;0.0156465360703953;0.0151079758995613;0.014485447401119;0.0136879710990291;0.012721519624454;0.011817722306451;0.0111271185012234;0.0107358273947736;0.0107269231447288;-9999;-9999
8000;0.0176578588530396;0.0176364912976818;0.0175707608162614;0.0174655102574592;0.0173120759532607;0.0171137940423996;0.0168473970237034;0.0165085638860127;0.0161287818601661;0.0156640357219316;0.0151346033187496;0.014522638962172;0.0137625474317261;0.0128210917587268;0.0119267585011279;0.0112036192969951;0.01075275008649;0.0106462264799557;-9999;-9999
8500;0.0176141157601627;0.0175940213941959;0.0175314607281161;0.0174301158428974;0.0172845654999933;0.0170936494612329;0.016832848418227;0.0165059280397637;0.0161372213225404;0.0156873416169888;0.0151564402688893;0.0145497537929009;0.0138175286618201;0.0129121812944774;0.0120289989714156;0.0112823979450665;0.0107763869376186;0.0105823712564869;0.0107794996809878;-9999
9000;0.0175674034659353;0.0175482215964775;0.017488826904387;0.0173924901261921;0.01725492294216;0.017075400613428;0.0168262458357862;0.0165072797498093;0.016148297350106;0.0157122519843904;0.0151889032014528;0.0145848185905054;0.0138592758398365;0.0129923292607716;0.0121194661619191;0.0113525286739049;0.010796566238943;0.0105313932556852;0.0106202837842643;-9999
9500;0.0175230406382416;0.0175036194985287;0.0174481660170257;0.017356179371087;0.0172246821316798;0.0170567768731851;0.0168173273131481;0.0165079704195951;0.0161538469951107;0.0157293959446458;0.0152179887553343;0.0146261429007406;0.0139198941982919;0.0130601623461088;0.0121993807736125;0.0114192033037957;0.0108302219919601;0.0104880975085525;0.0104841768227287;-9999
10000;0.017472848587795;0.0174547347888829;0.0174004565374666;0.017313813840721;0.0171916899199555;0.0170345324134435;0.0168087795183698;0.0165116299116436;0.0161663121323117;0.0157456446802223;0.0152435980760856;0.0146628733624915;0.0139763715650094;0.013154461808568;0.0122798311826092;0.0114810991636047;0.0108593473425392;0.010453243077063;0.010363922410237;-9999
10500;0.0174433619637547;0.0174263405239871;0.0173754521979751;0.0172918890453767;0.0171733271305868;0.0170193126444806;0.0167976001227963;0.016508976492331;0.0161653377707149;0.0157551808236125;0.0152614650162259;0.0146946540193712;0.0140321929357243;0.0132440771790476;0.0123865518880941;0.0115535075828229;0.0108801258367191;0.0104272929343025;0.0102516182816364;-9999
11000;0.0174118260780968;0.0173948492996172;0.0173442985330044;0.0172640558392758;0.0171501931040247;0.0170090521243294;0.0167954408820258;0.0165104283513813;0.0161675267560921;0.0157638235043224;0.0152751639020948;0.0147184297405671;0.014074343574035;0.013314556480501;0.0124873389475286;0.011668787602555;0.0109322859128223;0.010411224976471;0.0101526673390794;0.0101617277618251
11500;0.0175805585376908;0.0175634509301448;0.0175129194036902;0.0174312073818787;0.0173178986894143;0.0171732099370399;0.0169563378922605;0.0166700369924028;0.0163296954229717;0.0159272705097898;0.0154480083584814;0.0148953440876829;0.0142588885917728;0.0135012008289818;0.0126775402324595;0.0118481981603879;0.0111117857237855;0.0105871759652124;0.0103238882002833;0.0103429728023572
12000;0.0177603646247216;0.0177433509372287;0.0176932980000673;0.0176101579626512;0.0174932326429688;0.017342007330721;0.0171229151176931;0.0168332243121219;0.0164923948838845;0.0160911575856128;0.015612609173536;0.0150608738143207;0.0144305049064964;0.0136731751952478;0.0128591836264494;0.0120186759925618;0.0112838250991828;0.0107556612842382;0.0104878002040816;0.0104963102366192
12500;0.0179531452693686;0.0179354557213599;0.0178830579327835;0.0177974113377274;0.0176760130019108;0.0175196633826687;0.0172940848382353;0.0170037983381575;0.0166634757112217;0.0162641806107123;0.0157831081929212;0.0152294520287874;0.0146059708921713;0.0138371156299972;0.013019594182571;0.0121805571545264;0.0114445399295779;0.0109126124530902;0.010635418824178;0.0106404942160853
13000;0.0181538602010905;0.0181368809356698;0.0180826770300196;0.0179944975943253;0.0178667026032027;0.0177047205337408;0.017476232847587;0.0171838160722537;0.0168438423609562;0.0164453050489708;0.0159619124852481;0.0154069676830345;0.0147827872196854;0.014013571235537;0.0131868168290137;0.0123424788152288;0.0115965295899228;0.0110572859759931;0.0107762667504971;0.0107867971731328
13500;0.01836792023241;0.018348586062068;0.0182935229995038;0.0182003243421164;0.0180695231552122;0.0179021685283477;0.0176706016798599;0.0173754395899624;0.0170345359319901;0.0166353860198471;0.0161516913619596;0.0155948191174846;0.0149694185325785;0.0141978063972857;0.0133646695393647;0.0125160871866655;0.0117591372960597;0.0112069730770971;0.0109108138147555;0.0109040922144434
14000;0.0185926552699828;0.0185725379666371;0.0185147598787781;0.0184177985831924;0.01828200141063;0.0181117087746667;0.0178772874039052;0.0175806618879308;0.0172362467646918;0.0168342331145309;0.0163517634369385;0.0157964806911884;0.0151684738728054;0.0143972188439024;0.0135578214476607;0.0127044133984878;0.0119366055793113;0.0113682782458809;0.0110515813496789;0.0110201742667436
