1.1;0;0.05;0.1;0.15;0.2;0.25;0.3;0.35;0.4;0.45;0.5;0.55;0.6;0.65;0.7;0.75;0.8;0.85;0.9;0.95
0;0.03686;0.036833;0.036748;0.036604;0.036398;0.036142;0.035858;0.035563;0.035288;0.035064;0.034925;0.034902;0.034965;0.035088;0.035232;0.035392;0.035565;0.035715;0.035864;0.036044
500;0.036809;0.036781;0.036698;0.036549;0.036343;0.036096;0.035815;0.035523;0.035245;0.035011;0.034852;0.034812;0.034858;0.034966;0.035101;0.035254;0.035424;0.035604;0.035753;0.035914
1000;0.036746;0.036716;0.03663;0.036487;0.036291;0.036053;0.035782;0.035498;0.035222;0.034985;0.034818;0.034755;0.034775;0.034859;0.034976;0.035121;0.035284;0.035464;0.035644;0.035796
1500;0.036654;0.036628;0.03655;0.036419;0.036231;0.036007;0.035749;0.035477;0.035208;0.034977;0.03481;0.034737;0.034724;0.034775;0.034866;0.034993;0.035148;0.035321;0.03551;0.035687
2000;0.03657;0.036545;0.036469;0.036347;0.03617;0.035957;0.03571;0.035451;0.035196;0.034977;0.03482;0.034743;0.034713;0.034725;0.03478;0.03488;0.035017;0.035182;0.035365;0.035563
2500;0.036481;0.036457;0.036387;0.036273;0.036113;0.035913;0.035683;0.035435;0.035192;0.034979;0.034837;0.034763;0.034726;0.034714;0.034727;0.034789;0.034899;0.035048;0.035222;0.035415
3000;0.036381;0.036359;0.036293;0.036188;0.03604;0.035856;0.035643;0.035416;0.035191;0.034998;0.034871;0.034794;0.034751;0.034727;0.034715;0.034731;0.034802;0.034923;0.035084;0.035268
3500;0.036269;0.036248;0.036187;0.036089;0.035954;0.035783;0.03559;0.035383;0.035179;0.035008;0.034902;0.034842;0.034801;0.034759;0.034728;0.034716;0.034738;0.03482;0.034954;0.035127
4000;0.036191;0.03617;0.036109;0.036011;0.03588;0.035711;0.035522;0.035337;0.035158;0.035008;0.034921;0.034875;0.034852;0.034819;0.034774;0.034729;0.034717;0.034747;0.034844;0.034992
4500;0.036106;0.036087;0.03603;0.035939;0.035818;0.035666;0.035493;0.035312;0.03514;0.034998;0.034929;0.034897;0.034886;0.034869;0.034834;0.034787;0.03474;0.034719;0.034762;0.034873
5000;0.036011;0.035992;0.03594;0.035855;0.035742;0.035606;0.035452;0.035291;0.035142;0.035022;0.034953;0.034909;0.034909;0.034903;0.034885;0.034848;0.034798;0.03475;0.034725;0.03478
5500;0.035903;0.035887;0.035839;0.035761;0.035659;0.035537;0.035399;0.035258;0.035128;0.035033;0.034988;0.034966;0.034951;0.034925;0.034919;0.0349;0.03486;0.034807;0.034759;0.034742
6000;0.035778;0.035764;0.035721;0.035652;0.035561;0.035455;0.035335;0.035213;0.035105;0.03503;0.035004;0.035001;0.035006;0.034992;0.034966;0.034935;0.034914;0.03487;0.034815;0.034768
6500;0.035637;0.035625;0.035587;0.035527;0.035447;0.035352;0.035252;0.035151;0.035066;0.035015;0.035009;0.03502;0.035039;0.035046;0.035034;0.035006;0.034963;0.034926;0.034879;0.034821
7000;0.035592;0.035576;0.035527;0.035449;0.035346;0.035234;0.03515;0.035071;0.035008;0.034983;0.034994;0.035023;0.035056;0.035079;0.035087;0.035074;0.035045;0.034999;0.034938;0.034886
7500;0.035567;0.035551;0.035504;0.035428;0.03533;0.035216;0.035099;0.034981;0.034931;0.034929;0.034959;0.035006;0.035055;0.035094;0.035121;0.03513;0.035115;0.035083;0.035034;0.034962
8000;0.035544;0.035528;0.035483;0.035411;0.035317;0.035208;0.035095;0.034988;0.034898;0.034852;0.034902;0.034967;0.035034;0.03509;0.035134;0.035164;0.035174;0.035157;0.035121;0.035068
8500;0.035523;0.035508;0.035465;0.035396;0.035305;0.035201;0.035091;0.034994;0.034912;0.034869;0.034853;0.034905;0.034989;0.035065;0.035128;0.035177;0.035208;0.035218;0.035199;0.035159
9000;0.035505;0.03549;0.035449;0.035382;0.035296;0.035196;0.035092;0.035;0.034929;0.034893;0.03488;0.034888;0.034921;0.035015;0.035099;0.035169;0.035221;0.035254;0.035263;0.035241
9500;0.03549;0.035476;0.035436;0.035372;0.035289;0.035194;0.035095;0.035009;0.034946;0.034918;0.034907;0.034917;0.034929;0.034942;0.035046;0.035137;0.035213;0.035267;0.035301;0.035308
10000;0.035477;0.035464;0.035425;0.035364;0.035284;0.035193;0.035101;0.035017;0.034964;0.034942;0.034936;0.034946;0.034958;0.03497;0.034983;0.035081;0.03518;0.035259;0.035316;0.035349
10500;0.035462;0.035451;0.035416;0.03536;0.035284;0.035197;0.035109;0.035033;0.034981;0.034966;0.034964;0.034975;0.034987;0.035;0.035013;0.035027;0.035121;0.035226;0.035309;0.035366
11000;0.035422;0.035411;0.035378;0.035327;0.035262;0.03519;0.035119;0.035051;0.035007;0.034988;0.034991;0.035003;0.035016;0.035029;0.035043;0.035058;0.035073;0.035165;0.035275;0.03536
11500;0.035563;0.035552;0.03552;0.035468;0.035403;0.035329;0.035257;0.035189;0.035144;0.035124;0.035128;0.03514;0.035154;0.035168;0.035182;0.035198;0.035214;0.035308;0.035418;0.035505
12000;0.035708;0.035696;0.035663;0.035612;0.035546;0.035472;0.0354;0.035331;0.035286;0.035266;0.035268;0.03528;0.035293;0.035308;0.035324;0.03534;0.035357;0.035451;0.035563;0.035651
12500;0.035853;0.035842;0.035809;0.035757;0.03569;0.035616;0.035544;0.035475;0.03543;0.035411;0.035413;0.035426;0.035438;0.035452;0.035466;0.035483;0.0355;0.035595;0.035709;0.035798
13000;0.036;0.035989;0.035956;0.035904;0.035837;0.035763;0.03569;0.035621;0.035577;0.035558;0.03556;0.035573;0.035587;0.0356;0.035614;0.035629;0.035645;0.035741;0.035856;0.035948
13500;0.036148;0.036136;0.036103;0.036051;0.035984;0.03591;0.035838;0.035769;0.035725;0.035706;0.035709;0.035722;0.035735;0.035749;0.035765;0.035781;0.035797;0.035892;0.036007;0.036099
14000;0.036297;0.036286;0.036253;0.0362;0.036133;0.036058;0.035986;0.035918;0.035874;0.035856;0.035858;0.035871;0.035886;0.035901;0.035917;0.035934;0.035952;0.036049;0.036165;0.036256
1.05;0;0.05;0.1;0.15;0.2;0.25;0.3;0.35;0.4;0.45;0.5;0.55;0.6;0.65;0.7;0.75;0.8;0.85;0.9;0.95
0;0.0336;0.033573;0.033499;0.033378;0.033217;0.033029;0.032826;0.032613;0.032409;0.032233;0.032104;0.032043;0.032072;0.032173;0.032318;0.032488;0.03268;0.032888;0.033108;0.033328
500;0.033473;0.033447;0.033373;0.033251;0.033091;0.032896;0.032688;0.032475;0.032272;0.0321;0.031975;0.031916;0.031943;0.032034;0.032172;0.032335;0.032522;0.032726;0.032945;0.033173
1000;0.033349;0.033322;0.033246;0.033122;0.032959;0.032762;0.03255;0.032336;0.032133;0.031963;0.031845;0.031797;0.031828;0.03191;0.032034;0.032189;0.032368;0.032566;0.03278;0.033008
1500;0.033226;0.033199;0.033122;0.032996;0.032831;0.032631;0.032415;0.032197;0.031994;0.031825;0.031713;0.031675;0.031721;0.0318;0.03191;0.03205;0.032218;0.032408;0.032617;0.032841
2000;0.033134;0.033107;0.033027;0.032898;0.032727;0.032519;0.032293;0.032066;0.031859;0.03169;0.03158;0.031555;0.031606;0.031696;0.031801;0.031925;0.032076;0.032254;0.032455;0.032675
2500;0.033058;0.033031;0.032951;0.03282;0.032645;0.032435;0.032204;0.031969;0.03174;0.03155;0.031435;0.031421;0.031486;0.031586;0.031698;0.031813;0.031945;0.032108;0.032298;0.03251
3000;0.032999;0.032972;0.032892;0.03276;0.032583;0.032368;0.032133;0.031882;0.03164;0.031444;0.031322;0.031301;0.031355;0.031467;0.031589;0.031709;0.03183;0.031972;0.032147;0.032348
3500;0.032957;0.03293;0.032851;0.032718;0.032542;0.032325;0.032082;0.031812;0.031563;0.031359;0.031233;0.031203;0.03125;0.031348;0.03147;0.031599;0.031724;0.031852;0.032005;0.032192
4000;0.032964;0.032936;0.032855;0.032719;0.032535;0.032311;0.032048;0.031775;0.031517;0.031304;0.031165;0.031127;0.031161;0.03125;0.03136;0.031484;0.031614;0.031743;0.03188;0.032045
4500;0.03298;0.032953;0.032874;0.032743;0.032564;0.032345;0.032078;0.03179;0.031514;0.031285;0.03113;0.031074;0.031092;0.031164;0.031261;0.031377;0.031508;0.031634;0.031768;0.031913
5000;0.032989;0.032965;0.032891;0.032767;0.032595;0.03238;0.032118;0.031842;0.03157;0.031332;0.03115;0.031058;0.031051;0.031098;0.031174;0.031277;0.031399;0.031536;0.031663;0.031796
5500;0.032983;0.03296;0.032891;0.032779;0.03262;0.032413;0.032165;0.031901;0.031638;0.031405;0.031228;0.031124;0.031067;0.03106;0.031109;0.031189;0.031298;0.031427;0.031566;0.031697
6000;0.032966;0.032944;0.032879;0.032774;0.032627;0.032429;0.032202;0.031957;0.031711;0.031488;0.03132;0.031217;0.031148;0.031105;0.03109;0.031122;0.031208;0.031323;0.031459;0.031599
6500;0.032939;0.032919;0.032858;0.03276;0.032617;0.032433;0.032224;0.031997;0.03177;0.031569;0.031423;0.031324;0.03125;0.03119;0.031143;0.031125;0.031151;0.031231;0.031353;0.031496
7000;0.032901;0.032882;0.032824;0.032726;0.032592;0.032424;0.032231;0.032025;0.031818;0.031637;0.031515;0.031432;0.031365;0.031298;0.03123;0.031179;0.031161;0.03119;0.031258;0.031387
7500;0.032842;0.032823;0.032767;0.032676;0.032555;0.032401;0.032225;0.032039;0.031856;0.031697;0.031592;0.031526;0.031476;0.031414;0.031342;0.031271;0.031214;0.031197;0.031231;0.031305
8000;0.032766;0.032748;0.032696;0.032612;0.032502;0.032364;0.032205;0.03204;0.031881;0.031748;0.031663;0.031607;0.03157;0.031525;0.03146;0.031385;0.031309;0.03125;0.031235;0.031275
8500;0.032673;0.032657;0.03261;0.032534;0.032433;0.032311;0.032171;0.032025;0.031889;0.031781;0.031721;0.031678;0.03165;0.031617;0.031571;0.031504;0.031424;0.031345;0.031286;0.031274
9000;0.032565;0.03255;0.032508;0.032439;0.032349;0.032241;0.03212;0.031995;0.031882;0.031797;0.031758;0.031738;0.031722;0.031697;0.031663;0.031615;0.031546;0.031462;0.031381;0.031323
9500;0.032439;0.032426;0.032389;0.032328;0.032248;0.032155;0.032052;0.031947;0.031855;0.031795;0.031776;0.031775;0.03178;0.031769;0.031744;0.031708;0.031658;0.031586;0.031498;0.031415
10000;0.032313;0.032298;0.032253;0.032199;0.032131;0.03205;0.031966;0.031882;0.031813;0.031775;0.031776;0.031792;0.031812;0.031821;0.031814;0.031789;0.031751;0.0317;0.031623;0.031532
10500;0.032287;0.032273;0.03223;0.032161;0.032071;0.031966;0.031863;0.031798;0.03175;0.031737;0.031754;0.031787;0.031824;0.03185;0.031863;0.031858;0.031834;0.031794;0.03174;0.03166
11000;0.032266;0.032252;0.032211;0.032145;0.032058;0.031959;0.031853;0.031755;0.03167;0.031674;0.031709;0.031761;0.031813;0.031857;0.031888;0.031905;0.031902;0.031878;0.031837;0.03178
11500;0.032395;0.032382;0.032341;0.032274;0.032188;0.032087;0.031983;0.03188;0.031797;0.031801;0.031836;0.031888;0.031941;0.031986;0.032018;0.032035;0.032033;0.032009;0.031968;0.031911
12000;0.032529;0.032514;0.032473;0.032406;0.032319;0.032218;0.032114;0.032011;0.031928;0.031932;0.031967;0.032018;0.032071;0.032116;0.032149;0.032167;0.032165;0.032142;0.032101;0.032045
12500;0.032663;0.032648;0.032606;0.032539;0.032452;0.032351;0.032243;0.032146;0.03206;0.032065;0.0321;0.032153;0.032206;0.032251;0.032283;0.032301;0.032299;0.032276;0.032236;0.03218
13000;0.032798;0.032784;0.032742;0.032675;0.032587;0.032485;0.032378;0.03228;0.032194;0.032199;0.032236;0.032289;0.032344;0.032389;0.032422;0.03244;0.032435;0.032412;0.032372;0.032316
13500;0.032936;0.032922;0.032879;0.032812;0.032724;0.032622;0.032517;0.032416;0.03233;0.032336;0.032373;0.032428;0.032484;0.03253;0.032564;0.03258;0.032576;0.032553;0.032511;0.032454
14000;0.033076;0.033061;0.033019;0.032951;0.032863;0.03276;0.032655;0.032554;0.032468;0.032474;0.032513;0.032568;0.032625;0.032672;0.032707;0.032722;0.032719;0.032697;0.032651;0.032588
1;0;0.05;0.1;0.15;0.2;0.25;0.3;0.35;0.4;0.45;0.5;0.55;0.6;0.65;0.7;0.75;0.8;0.85;0.9;0.95
0;0.030654;0.030637;0.030586;0.030507;0.030407;0.030299;0.030177;0.030048;0.029938;0.029866;0.029826;0.029812;0.029829;0.029878;0.029952;0.030047;0.030157;0.030285;0.030433;0.030593
500;0.030532;0.030533;0.030478;0.030392;0.030282;0.030161;0.030032;0.029896;0.029769;0.029682;0.029638;0.029628;0.029654;0.029718;0.029805;0.029908;0.030026;0.030161;0.030311;0.030472
1000;0.030453;0.030433;0.030375;0.030282;0.030164;0.030032;0.029891;0.029748;0.029608;0.029504;0.029453;0.029443;0.029474;0.029551;0.029652;0.029769;0.029896;0.030038;0.03019;0.030352
1500;0.030365;0.030343;0.030279;0.03018;0.030054;0.029912;0.029759;0.029605;0.029458;0.029336;0.029273;0.02926;0.029294;0.029378;0.029492;0.029624;0.029766;0.029914;0.030069;0.030232
2000;0.030298;0.030274;0.030208;0.030101;0.029965;0.02981;0.029643;0.02947;0.029315;0.029179;0.029099;0.029082;0.029119;0.029205;0.029327;0.029473;0.02963;0.029787;0.029946;0.030111
2500;0.03023;0.030206;0.030138;0.030028;0.029884;0.02972;0.029544;0.029358;0.029188;0.02904;0.028938;0.028911;0.028946;0.029036;0.029161;0.029316;0.029485;0.029653;0.029821;0.029988
3000;0.030154;0.030131;0.030063;0.029951;0.029805;0.029634;0.029451;0.029255;0.029072;0.028918;0.028801;0.028755;0.028783;0.02887;0.028998;0.029156;0.029329;0.029512;0.02969;0.029862
3500;0.030077;0.030053;0.029982;0.029867;0.029718;0.029545;0.029359;0.029158;0.028965;0.028801;0.02868;0.028618;0.028637;0.028717;0.028839;0.028995;0.02917;0.029358;0.029549;0.029731
4000;0.03002;0.029994;0.029924;0.029808;0.029655;0.029471;0.029272;0.02906;0.028864;0.028693;0.028563;0.028496;0.028505;0.028579;0.028699;0.028843;0.02901;0.029199;0.029396;0.029591
4500;0.02996;0.029935;0.029863;0.029746;0.029591;0.029406;0.029202;0.02899;0.028781;0.028597;0.028456;0.028389;0.028393;0.028456;0.028567;0.028703;0.028862;0.029039;0.029235;0.029439
5000;0.029903;0.029877;0.029804;0.029685;0.029528;0.02934;0.029133;0.028917;0.028705;0.028523;0.028384;0.028307;0.0283;0.028354;0.028448;0.028572;0.028721;0.02889;0.029076;0.029277
5500;0.029851;0.029826;0.029751;0.029631;0.029472;0.02928;0.029068;0.028846;0.028632;0.028449;0.028313;0.028244;0.028249;0.02829;0.028351;0.028454;0.028589;0.028747;0.028924;0.029119
6000;0.02981;0.029785;0.029709;0.029588;0.029426;0.029231;0.029011;0.028787;0.028571;0.028383;0.028247;0.028185;0.028197;0.028245;0.028305;0.028376;0.028469;0.028611;0.028777;0.028964
6500;0.029784;0.029759;0.029684;0.029561;0.029396;0.029192;0.028969;0.02874;0.02852;0.028331;0.028197;0.02814;0.028148;0.028197;0.028264;0.028332;0.028405;0.028503;0.028639;0.028814
7000;0.029779;0.029754;0.029679;0.029552;0.029384;0.029178;0.028949;0.028713;0.028488;0.028295;0.028161;0.028109;0.028116;0.02816;0.028218;0.02829;0.028361;0.028438;0.028542;0.02868
7500;0.029792;0.029767;0.029691;0.029565;0.029396;0.02919;0.028958;0.028715;0.028482;0.028284;0.028146;0.028089;0.028091;0.028134;0.028189;0.02825;0.028319;0.028393;0.028475;0.028585
8000;0.029811;0.029786;0.029713;0.029591;0.029425;0.029222;0.028992;0.028748;0.02851;0.028305;0.028153;0.028085;0.028081;0.028113;0.028163;0.028222;0.028286;0.028353;0.028427;0.028514
8500;0.029826;0.029803;0.029734;0.02962;0.029458;0.029263;0.029039;0.028801;0.028566;0.028362;0.028197;0.02811;0.028087;0.028108;0.028143;0.028194;0.028258;0.028325;0.028396;0.028465
9000;0.029822;0.029802;0.029738;0.029634;0.029484;0.029302;0.029089;0.028863;0.028638;0.028437;0.028273;0.028177;0.028127;0.028122;0.028139;0.028175;0.028229;0.028296;0.028368;0.028442
9500;0.029805;0.029785;0.029725;0.029628;0.029493;0.029324;0.029131;0.028924;0.028712;0.028521;0.028368;0.028272;0.028209;0.028171;0.028159;0.028172;0.028209;0.028267;0.028338;0.028413
10000;0.029777;0.029758;0.029702;0.029612;0.029489;0.029335;0.029158;0.028967;0.028776;0.028603;0.028469;0.028381;0.028315;0.028259;0.028215;0.028197;0.028206;0.028245;0.028307;0.028382
10500;0.029737;0.02972;0.029668;0.029586;0.029475;0.029335;0.029174;0.029001;0.028827;0.028672;0.028562;0.028488;0.028429;0.02837;0.028309;0.028259;0.028233;0.028242;0.028284;0.02835
11000;0.029686;0.02967;0.029623;0.029548;0.029448;0.029321;0.029175;0.029021;0.02887;0.028732;0.028639;0.02858;0.028538;0.028486;0.028422;0.028357;0.028301;0.02827;0.02828;0.028325
11500;0.0298;0.029786;0.029738;0.029663;0.029562;0.029435;0.029288;0.029132;0.028979;0.028847;0.028759;0.028699;0.028655;0.028601;0.028536;0.028468;0.02841;0.02838;0.028392;0.028439
12000;0.029919;0.029903;0.029855;0.029779;0.029678;0.029551;0.029404;0.029248;0.029092;0.028959;0.02887;0.02881;0.028766;0.028711;0.028646;0.028579;0.028521;0.028492;0.028505;0.028555
12500;0.030038;0.030022;0.029974;0.029898;0.029796;0.029668;0.029521;0.029363;0.029207;0.029074;0.028985;0.028925;0.02888;0.028825;0.028758;0.028691;0.028633;0.028605;0.02862;0.028671
13000;0.030159;0.030143;0.030095;0.030018;0.029915;0.029787;0.029639;0.029479;0.029324;0.02919;0.029101;0.029041;0.028997;0.028942;0.028876;0.028807;0.028748;0.02872;0.028736;0.028789
13500;0.030282;0.030266;0.030218;0.03014;0.030037;0.029908;0.029757;0.029596;0.029441;0.029308;0.029219;0.02916;0.029116;0.029061;0.028995;0.028928;0.028871;0.028843;0.028857;0.028909
14000;0.030406;0.03039;0.030342;0.030263;0.03016;0.03003;0.029876;0.029716;0.02956;0.029427;0.029339;0.02928;0.029236;0.029182;0.029117;0.02905;0.028996;0.028972;0.028992;0.029047
0.95;0;0.05;0.1;0.15;0.2;0.25;0.3;0.35;0.4;0.45;0.5;0.55;0.6;0.65;0.7;0.75;0.8;0.85;0.9;0.95
0;0.028272;0.028268;0.028247;0.028215;0.028177;0.028136;0.028087;0.028035;0.027972;0.027902;0.027837;0.027782;0.027742;0.027731;0.027739;0.027776;0.027831;0.027898;0.027975;0.028062
500;0.02812;0.028114;0.028091;0.028055;0.028012;0.027965;0.027915;0.027863;0.027803;0.027736;0.027673;0.02762;0.027582;0.027572;0.02759;0.027633;0.027692;0.027761;0.027842;0.027934
1000;0.027972;0.027964;0.027939;0.027899;0.02785;0.027797;0.027742;0.027689;0.027633;0.027568;0.027508;0.027457;0.027423;0.027416;0.027443;0.02749;0.027554;0.027628;0.027711;0.027809
1500;0.02783;0.027821;0.027793;0.02775;0.027693;0.027633;0.027569;0.027514;0.02746;0.0274;0.027344;0.027297;0.027266;0.027261;0.027292;0.027349;0.027418;0.027496;0.027583;0.027685
2000;0.027698;0.027688;0.027658;0.027611;0.027551;0.027482;0.027408;0.027342;0.027286;0.02723;0.027178;0.027137;0.02711;0.027109;0.027144;0.027204;0.027281;0.027364;0.027458;0.027562
2500;0.027568;0.027558;0.027527;0.027476;0.027411;0.027338;0.027253;0.027177;0.027118;0.027062;0.027011;0.026975;0.026953;0.026959;0.026997;0.02706;0.027141;0.027233;0.027333;0.027444
3000;0.027453;0.027441;0.027402;0.027347;0.027277;0.027196;0.027104;0.027016;0.026947;0.026892;0.026847;0.026815;0.026799;0.026809;0.026853;0.026919;0.027002;0.0271;0.027209;0.027328
3500;0.02738;0.027365;0.027322;0.027254;0.02717;0.027077;0.02697;0.026861;0.026776;0.02672;0.02668;0.026653;0.026648;0.026665;0.026713;0.02678;0.026866;0.026968;0.027086;0.027215
4000;0.027321;0.027304;0.027255;0.027178;0.027083;0.026978;0.026863;0.026743;0.026636;0.026561;0.026513;0.026488;0.026493;0.026522;0.026576;0.026648;0.026734;0.026838;0.026961;0.027101
4500;0.027274;0.027255;0.027202;0.027118;0.02701;0.026891;0.026764;0.026634;0.026511;0.026418;0.026366;0.026343;0.026344;0.026375;0.026438;0.026518;0.02661;0.026716;0.02684;0.026982
5000;0.027248;0.027227;0.027169;0.027076;0.026956;0.026819;0.026675;0.026534;0.0264;0.026287;0.026222;0.026198;0.026208;0.026251;0.026314;0.02639;0.026487;0.0266;0.026727;0.026864
5500;0.027229;0.027207;0.027146;0.027047;0.026919;0.026773;0.026614;0.026449;0.026297;0.026169;0.026086;0.026057;0.02607;0.026121;0.026197;0.026285;0.026381;0.026488;0.026615;0.026752
6000;0.027212;0.02719;0.027126;0.027022;0.026888;0.026733;0.026565;0.026387;0.026223;0.026076;0.025963;0.025921;0.025933;0.02599;0.026073;0.026176;0.026287;0.026401;0.026519;0.026642
6500;0.027192;0.02717;0.027104;0.026999;0.026859;0.026697;0.026522;0.026333;0.026156;0.026001;0.025878;0.025809;0.025803;0.025861;0.02595;0.02606;0.026186;0.02631;0.026434;0.026559
7000;0.027163;0.02714;0.027075;0.02697;0.026829;0.026663;0.026482;0.026285;0.026096;0.025932;0.025804;0.025726;0.025714;0.025755;0.025829;0.025945;0.026075;0.026212;0.026346;0.026475
7500;0.02712;0.027098;0.027033;0.026928;0.026788;0.026621;0.026439;0.026239;0.026043;0.025871;0.025738;0.025654;0.025636;0.025674;0.025749;0.025847;0.025961;0.026104;0.026249;0.026386
8000;0.027068;0.027045;0.02698;0.026875;0.026735;0.026567;0.026383;0.026186;0.025992;0.025818;0.025679;0.025595;0.025573;0.025604;0.025678;0.025772;0.025882;0.026002;0.02614;0.026289
8500;0.027011;0.026988;0.026923;0.026817;0.026675;0.026508;0.026319;0.026123;0.025931;0.025761;0.025628;0.025547;0.025526;0.025552;0.025615;0.025702;0.025808;0.025928;0.026053;0.026185
9000;0.026956;0.026933;0.026867;0.026759;0.026617;0.026444;0.026254;0.026058;0.025866;0.025699;0.025572;0.025501;0.025493;0.025517;0.025568;0.025641;0.025739;0.025852;0.025977;0.026109
9500;0.02691;0.026887;0.02682;0.026711;0.026564;0.026388;0.026194;0.025994;0.025803;0.025638;0.025516;0.025455;0.025456;0.025492;0.025537;0.025597;0.025677;0.025781;0.0259;0.026031
10000;0.026879;0.026856;0.026788;0.026676;0.026527;0.026346;0.026148;0.025943;0.025748;0.025582;0.025463;0.025411;0.02542;0.02546;0.025515;0.025568;0.025632;0.025717;0.025827;0.025953
10500;0.026868;0.026844;0.026776;0.026662;0.026511;0.026326;0.026122;0.02591;0.02571;0.025539;0.025419;0.025373;0.025384;0.025427;0.025484;0.025545;0.025602;0.02567;0.025761;0.025877
11000;0.026878;0.026855;0.026787;0.026673;0.02652;0.026334;0.026125;0.025907;0.025698;0.025519;0.025395;0.025348;0.025354;0.025397;0.025452;0.025513;0.025579;0.025638;0.025711;0.025809
11500;0.026984;0.026961;0.026893;0.026779;0.026625;0.026438;0.026228;0.026008;0.025799;0.025621;0.025498;0.025452;0.02546;0.025505;0.025562;0.025625;0.025692;0.025754;0.025831;0.025933
12000;0.027092;0.027069;0.027001;0.026886;0.026732;0.026545;0.026335;0.026114;0.025905;0.025729;0.025606;0.025559;0.025567;0.025614;0.025673;0.025738;0.025807;0.025872;0.025952;0.02606
12500;0.027202;0.027179;0.02711;0.026996;0.026841;0.026654;0.026443;0.026223;0.026015;0.025842;0.025725;0.025682;0.025692;0.025735;0.02579;0.025854;0.025924;0.025992;0.026077;0.026189
13000;0.027313;0.02729;0.027221;0.027107;0.026952;0.026765;0.026553;0.026334;0.026128;0.025959;0.025848;0.02581;0.025823;0.025873;0.025934;0.025999;0.026061;0.026119;0.026203;0.026319
13500;0.027426;0.027403;0.027334;0.02722;0.027065;0.026877;0.026666;0.026448;0.026245;0.026081;0.025975;0.025941;0.025962;0.026018;0.026085;0.026155;0.026223;0.026292;0.026376;0.026476
14000;0.027541;0.027518;0.027449;0.027335;0.02718;0.026992;0.026782;0.026566;0.026367;0.026208;0.026106;0.026081;0.026109;0.026171;0.026244;0.026319;0.026397;0.026479;0.026572;0.026679
0.9;0;0.05;0.1;0.15;0.2;0.25;0.3;0.35;0.4;0.45;0.5;0.55;0.6;0.65;0.7;0.75;0.8;0.85;0.9;0.95
0;0.026401;0.026398;0.026387;0.02637;0.02635;0.02632;0.026283;0.026235;0.02617;0.026094;0.026036;0.025989;0.025928;0.025867;0.025807;0.025753;0.025719;0.02569;0.025655;0.025611
500;0.026224;0.02622;0.026209;0.026191;0.026169;0.026139;0.0261;0.026054;0.025991;0.025916;0.025857;0.025811;0.025756;0.025701;0.025656;0.025621;0.025604;0.025589;0.025567;0.025534
1000;0.026047;0.026044;0.026033;0.026015;0.025992;0.025959;0.02592;0.025874;0.025813;0.02574;0.025681;0.025633;0.025584;0.025536;0.025499;0.02548;0.025476;0.025477;0.025472;0.025454
1500;0.025876;0.025873;0.025862;0.025844;0.02582;0.025785;0.025743;0.025696;0.025637;0.025568;0.025506;0.025458;0.025414;0.02537;0.02534;0.025333;0.025343;0.025357;0.025365;0.025364
2000;0.025707;0.025703;0.025692;0.025673;0.02565;0.025616;0.025571;0.025523;0.025462;0.025393;0.025332;0.025283;0.025244;0.025204;0.025181;0.025184;0.025206;0.025231;0.025252;0.025266
2500;0.025554;0.02555;0.025536;0.025515;0.025488;0.025452;0.025403;0.025352;0.025292;0.025225;0.025162;0.025111;0.025074;0.025039;0.025022;0.025032;0.025063;0.025101;0.025134;0.025162
3000;0.025414;0.025409;0.025394;0.025372;0.025344;0.025308;0.025262;0.025206;0.025139;0.025069;0.024999;0.024944;0.024909;0.024877;0.024865;0.024881;0.024917;0.024965;0.025012;0.025052
3500;0.025281;0.025275;0.025259;0.025233;0.025202;0.025165;0.025119;0.025066;0.024999;0.024928;0.02486;0.024801;0.024758;0.024725;0.024713;0.024733;0.024772;0.024824;0.024882;0.024938
4000;0.025156;0.02515;0.025131;0.025101;0.025064;0.025025;0.024978;0.024926;0.024862;0.02479;0.024723;0.024665;0.024621;0.024595;0.024585;0.0246;0.024632;0.024684;0.024747;0.024816
4500;0.025043;0.025034;0.025012;0.024977;0.024935;0.024888;0.024838;0.024787;0.024726;0.024655;0.024588;0.024531;0.024488;0.024468;0.024464;0.024484;0.024519;0.024562;0.024613;0.024689
5000;0.024961;0.024952;0.024927;0.024886;0.024832;0.024772;0.024704;0.024648;0.02459;0.024523;0.024456;0.0244;0.024359;0.024339;0.024345;0.024371;0.02441;0.024457;0.02451;0.024572
5500;0.024885;0.024875;0.024848;0.024804;0.024748;0.024682;0.024608;0.024538;0.024469;0.024392;0.024327;0.024271;0.024232;0.024215;0.024228;0.024259;0.024303;0.024354;0.024412;0.024479
6000;0.024813;0.024803;0.024774;0.024727;0.024666;0.024597;0.024515;0.024438;0.024369;0.024296;0.024221;0.02415;0.024108;0.024094;0.02411;0.024149;0.024197;0.024253;0.024316;0.024389
6500;0.024742;0.024732;0.024701;0.024652;0.024587;0.024513;0.024426;0.024342;0.024269;0.024199;0.02413;0.024066;0.024012;0.023983;0.023997;0.024037;0.024093;0.024154;0.024223;0.024302
7000;0.024679;0.024667;0.024632;0.024578;0.02451;0.024431;0.02434;0.024247;0.024166;0.024099;0.024037;0.023981;0.023934;0.023909;0.023913;0.023933;0.023986;0.024057;0.024133;0.024218
7500;0.024626;0.024613;0.024574;0.024513;0.024436;0.024352;0.024254;0.024154;0.024066;0.023996;0.023939;0.023891;0.023855;0.023839;0.023848;0.023872;0.023908;0.023957;0.024042;0.024135
8000;0.024585;0.02457;0.024527;0.024458;0.024373;0.024279;0.024175;0.024066;0.023964;0.023888;0.023835;0.023795;0.023771;0.023766;0.023782;0.023812;0.023852;0.023904;0.023968;0.024054
8500;0.024553;0.024536;0.02449;0.024415;0.02432;0.024214;0.024101;0.023982;0.023869;0.02378;0.023725;0.023692;0.023679;0.023688;0.023714;0.023753;0.023799;0.023856;0.023925;0.024007
9000;0.02453;0.024512;0.024461;0.02438;0.024276;0.024158;0.024032;0.023905;0.023781;0.023678;0.023615;0.023584;0.023581;0.023605;0.023643;0.023692;0.023748;0.023812;0.023887;0.023969
9500;0.024516;0.024496;0.024441;0.024353;0.02424;0.024112;0.023974;0.023833;0.023702;0.023584;0.023508;0.023476;0.023479;0.023512;0.023566;0.023628;0.023695;0.023771;0.023849;0.023933
10000;0.024503;0.024483;0.024425;0.024332;0.024211;0.024072;0.023924;0.023769;0.023627;0.023501;0.023411;0.023373;0.023377;0.023417;0.023479;0.023556;0.023639;0.023725;0.023811;0.023897
10500;0.024486;0.024466;0.024406;0.024311;0.024184;0.024037;0.023881;0.023714;0.02356;0.023427;0.023323;0.023275;0.023279;0.023323;0.02339;0.023476;0.023575;0.023673;0.023767;0.023859
11000;0.024457;0.024436;0.024377;0.024281;0.024154;0.024003;0.02384;0.023666;0.0235;0.023359;0.023248;0.023188;0.023189;0.023232;0.023304;0.023395;0.023499;0.023609;0.023717;0.023816
11500;0.024561;0.024542;0.024483;0.024387;0.02426;0.024111;0.023951;0.023779;0.023614;0.023469;0.023355;0.023299;0.023304;0.02335;0.023424;0.023517;0.023624;0.023736;0.023845;0.023946
12000;0.024669;0.024649;0.02459;0.024495;0.024371;0.024227;0.024073;0.023909;0.023752;0.023614;0.023503;0.023449;0.023446;0.02348;0.023546;0.023642;0.02375;0.023865;0.023976;0.024077
12500;0.024778;0.024758;0.0247;0.024608;0.024487;0.024348;0.024201;0.024046;0.023897;0.023763;0.023665;0.023625;0.02363;0.023668;0.023731;0.023811;0.0239;0.023995;0.024107;0.024209
13000;0.024891;0.024871;0.024815;0.024725;0.02461;0.024476;0.024336;0.02419;0.024048;0.023921;0.023841;0.02381;0.02382;0.023864;0.023931;0.024016;0.024109;0.024205;0.024293;0.024373
13500;0.025008;0.024989;0.024935;0.024849;0.024738;0.024612;0.02448;0.024341;0.024203;0.024092;0.024025;0.024002;0.024017;0.024066;0.024138;0.024227;0.024322;0.02442;0.024513;0.024596
14000;0.025132;0.025114;0.025062;0.02498;0.024875;0.024755;0.024631;0.024498;0.024369;0.024275;0.024218;0.024201;0.024223;0.024276;0.024352;0.024442;0.02454;0.024641;0.024738;0.024825
0.85;0;0.05;0.1;0.15;0.2;0.25;0.3;0.35;0.4;0.45;0.5;0.55;0.6;0.65;0.7;0.75;0.8;0.85;0.9;0.95
0;0.024823;0.024821;0.024814;0.024802;0.024786;0.024756;0.024714;0.02465;0.024562;0.024476;0.024381;0.024251;0.024092;0.023897;0.023687;0.023489;0.023316;0.023183;0.023066;0.02295
500;0.024613;0.024611;0.024605;0.024594;0.02458;0.024553;0.024514;0.024455;0.024373;0.024295;0.02421;0.024092;0.023949;0.023771;0.023578;0.023396;0.023238;0.023115;0.023006;0.022896
1000;0.024407;0.024405;0.024399;0.024389;0.024377;0.024351;0.024316;0.024264;0.024188;0.024114;0.024039;0.023932;0.023804;0.023644;0.023469;0.023301;0.023158;0.023046;0.022945;0.022842
1500;0.024223;0.02422;0.024214;0.024203;0.024189;0.024162;0.024127;0.024074;0.024003;0.023933;0.023865;0.023772;0.023656;0.023515;0.023357;0.023204;0.023076;0.022975;0.022882;0.022786
2000;0.024057;0.024054;0.024045;0.024032;0.024017;0.023993;0.023961;0.023912;0.023841;0.023768;0.023699;0.023612;0.023508;0.023383;0.023242;0.023105;0.022993;0.022903;0.022818;0.022728
2500;0.023904;0.023901;0.023892;0.023879;0.023862;0.023834;0.023797;0.02375;0.023684;0.023615;0.023552;0.023475;0.023376;0.02326;0.023128;0.023004;0.022907;0.022829;0.022753;0.02267
3000;0.023758;0.023755;0.023745;0.023731;0.023713;0.023684;0.023646;0.023596;0.023529;0.023463;0.023405;0.023337;0.023249;0.023146;0.023028;0.022915;0.022823;0.022749;0.022683;0.02261
3500;0.023612;0.023609;0.023599;0.023584;0.023565;0.023535;0.023498;0.023448;0.023381;0.02331;0.023254;0.023196;0.023117;0.023029;0.022928;0.02283;0.022751;0.022685;0.022618;0.022546
4000;0.02347;0.023466;0.023456;0.02344;0.02342;0.02339;0.023352;0.023303;0.023238;0.023166;0.023108;0.023053;0.022984;0.022909;0.022823;0.022743;0.022679;0.022621;0.022562;0.022497
4500;0.023357;0.023353;0.023339;0.023318;0.023291;0.023252;0.023209;0.023161;0.023097;0.023025;0.022966;0.022915;0.022851;0.022784;0.022715;0.022651;0.022602;0.022557;0.022506;0.022451
5000;0.023257;0.023253;0.023239;0.023218;0.023189;0.02315;0.023101;0.023043;0.022969;0.022887;0.022828;0.022779;0.022719;0.022659;0.022603;0.022553;0.022519;0.022487;0.022449;0.022402
5500;0.023158;0.023154;0.023141;0.023119;0.023091;0.023051;0.023001;0.022943;0.02287;0.022785;0.02271;0.022644;0.022587;0.022534;0.022488;0.022452;0.022431;0.022412;0.022387;0.022353
6000;0.023054;0.02305;0.023037;0.023016;0.022988;0.022948;0.022897;0.022839;0.022767;0.022685;0.022609;0.022543;0.022477;0.022409;0.022366;0.022346;0.022338;0.022331;0.022319;0.022298
6500;0.02295;0.022945;0.022932;0.022911;0.022883;0.022845;0.022794;0.022736;0.022666;0.022587;0.022511;0.022444;0.022382;0.02232;0.022269;0.022238;0.022237;0.022244;0.022245;0.022237
7000;0.022847;0.022842;0.022829;0.022808;0.022779;0.022743;0.022694;0.022636;0.022566;0.022491;0.022415;0.022347;0.02229;0.022232;0.022188;0.022164;0.022155;0.022149;0.022161;0.02217
7500;0.022748;0.022743;0.022728;0.022706;0.022677;0.02264;0.022594;0.022538;0.022469;0.022394;0.02232;0.022252;0.022198;0.022146;0.022107;0.02209;0.022087;0.02209;0.022092;0.022093
8000;0.022653;0.022648;0.022632;0.022606;0.022575;0.022539;0.022493;0.022439;0.022372;0.022298;0.022226;0.02216;0.022106;0.022061;0.022029;0.022019;0.02202;0.022029;0.02204;0.022049
8500;0.022564;0.022558;0.02254;0.022511;0.022476;0.022437;0.022391;0.02234;0.022277;0.022204;0.022134;0.02207;0.022016;0.021978;0.021953;0.021948;0.021955;0.021968;0.021985;0.022006
9000;0.022481;0.022474;0.022453;0.022421;0.022382;0.022338;0.02229;0.022239;0.022181;0.022112;0.022044;0.021981;0.02193;0.021896;0.021879;0.02188;0.021892;0.021909;0.021932;0.021958
9500;0.022401;0.022393;0.022372;0.022337;0.022292;0.022243;0.022188;0.022138;0.022083;0.022018;0.021953;0.021894;0.021846;0.021815;0.021808;0.021814;0.021831;0.021852;0.02188;0.021913
10000;0.022325;0.022317;0.022293;0.022255;0.022207;0.02215;0.02209;0.022034;0.021981;0.021923;0.021862;0.021807;0.021763;0.021735;0.021733;0.021749;0.021771;0.021798;0.021831;0.021869
10500;0.022258;0.022249;0.022222;0.022178;0.022123;0.022063;0.021994;0.021931;0.021878;0.021824;0.021769;0.021721;0.021681;0.021659;0.021661;0.021681;0.021712;0.021746;0.021784;0.021828
11000;0.022215;0.022205;0.022176;0.022131;0.022071;0.022002;0.021923;0.021846;0.021781;0.021721;0.021673;0.021632;0.0216;0.021585;0.021593;0.021616;0.02165;0.021694;0.02174;0.02179
11500;0.022362;0.022353;0.022325;0.022281;0.022223;0.022158;0.022085;0.022018;0.02196;0.021903;0.021845;0.021794;0.02175;0.02172;0.021713;0.021737;0.021773;0.021817;0.021863;0.021915
12000;0.022515;0.022506;0.022479;0.022436;0.022381;0.022321;0.022257;0.022199;0.022145;0.022089;0.022035;0.021989;0.021947;0.02192;0.021913;0.02192;0.021936;0.021959;0.021988;0.02204
12500;0.022673;0.022664;0.022638;0.022598;0.022546;0.022493;0.022439;0.022386;0.022335;0.022281;0.022231;0.022187;0.022149;0.022124;0.02212;0.022128;0.022146;0.022169;0.022194;0.022223
13000;0.022836;0.022827;0.022803;0.022766;0.022721;0.022676;0.022628;0.022579;0.022529;0.022479;0.022432;0.02239;0.022354;0.022331;0.022329;0.022339;0.022358;0.022383;0.02241;0.02244
13500;0.023006;0.022999;0.022977;0.022945;0.022906;0.022867;0.022823;0.022775;0.022727;0.02268;0.022636;0.022596;0.022562;0.022542;0.022542;0.022554;0.022575;0.022601;0.022629;0.02266
14000;0.023188;0.023181;0.023162;0.023135;0.023102;0.023065;0.023023;0.022976;0.022931;0.022887;0.022843;0.022805;0.022774;0.022756;0.022759;0.022773;0.022795;0.022822;0.022851;0.022884
0.8;0;0.05;0.1;0.15;0.2;0.25;0.3;0.35;0.4;0.45;0.5;0.55;0.6;0.65;0.7;0.75;0.8;0.85;0.9;0.95
0;0.02374;0.023734;0.023717;0.023687;0.023644;0.023584;0.023504;0.023399;0.023263;0.023082;0.022864;0.022608;0.022299;0.021975;0.021659;0.021353;0.021075;0.020836;0.020646;0.020472
500;0.023526;0.023525;0.023509;0.023481;0.02344;0.023381;0.023303;0.023198;0.023065;0.022893;0.022689;0.022447;0.022153;0.021842;0.021537;0.021243;0.020977;0.020753;0.020578;0.020417
1000;0.023324;0.023319;0.023304;0.023278;0.023239;0.023183;0.023109;0.02301;0.022885;0.022727;0.022532;0.0223;0.022015;0.021712;0.021418;0.021136;0.020882;0.020672;0.020509;0.02036
1500;0.023121;0.023116;0.023102;0.023078;0.023043;0.02299;0.022921;0.022826;0.022708;0.022563;0.022382;0.022163;0.021894;0.021606;0.021319;0.021042;0.020792;0.020593;0.020441;0.020301
2000;0.022921;0.022917;0.022904;0.022882;0.02285;0.022801;0.022737;0.022648;0.022537;0.022402;0.022233;0.022028;0.021776;0.021502;0.021227;0.020963;0.020724;0.020528;0.020377;0.020244
2500;0.022725;0.022721;0.022709;0.022689;0.02266;0.022616;0.022557;0.022473;0.022367;0.022244;0.022087;0.021896;0.021661;0.0214;0.021138;0.020886;0.020657;0.020473;0.020331;0.020203
3000;0.022533;0.022529;0.022519;0.022501;0.022475;0.022434;0.022379;0.0223;0.022199;0.022084;0.021941;0.021765;0.02155;0.021303;0.021052;0.020811;0.020594;0.020425;0.02029;0.020165
3500;0.022349;0.022345;0.022333;0.022316;0.022292;0.022254;0.022204;0.022129;0.022032;0.021926;0.021797;0.021635;0.021438;0.021208;0.02097;0.020743;0.02054;0.02038;0.020251;0.02013
4000;0.022195;0.022191;0.02218;0.022162;0.022136;0.022094;0.022039;0.021958;0.021866;0.02177;0.021654;0.021508;0.021329;0.021115;0.020892;0.020679;0.02049;0.020338;0.020212;0.020095
4500;0.022043;0.022039;0.022029;0.022012;0.021988;0.021949;0.021897;0.021823;0.021724;0.021625;0.021515;0.021382;0.021219;0.021021;0.020813;0.020615;0.02044;0.020299;0.020177;0.020062
5000;0.021893;0.02189;0.021881;0.021865;0.021843;0.021807;0.021759;0.02169;0.021599;0.021508;0.021404;0.021269;0.021107;0.020927;0.020734;0.020551;0.020389;0.02026;0.020144;0.020032
5500;0.021746;0.021743;0.021735;0.02172;0.0217;0.021668;0.021626;0.021563;0.021477;0.021391;0.021299;0.021175;0.021027;0.020847;0.020654;0.020485;0.020337;0.020219;0.020112;0.020003
6000;0.021604;0.021602;0.021594;0.021581;0.021564;0.021535;0.021495;0.021437;0.021357;0.021275;0.021192;0.02108;0.020948;0.020785;0.020607;0.020433;0.020284;0.020176;0.020077;0.019975
6500;0.021469;0.021467;0.021459;0.021447;0.021432;0.021404;0.021367;0.021313;0.021237;0.021159;0.021083;0.020984;0.020864;0.02072;0.020559;0.0204;0.020261;0.020142;0.020041;0.019946
7000;0.021352;0.021349;0.021339;0.021324;0.021305;0.021274;0.021239;0.021189;0.021119;0.021044;0.020974;0.020887;0.020779;0.020652;0.020509;0.020366;0.020242;0.020135;0.020029;0.019917
7500;0.02124;0.021237;0.021227;0.021211;0.021191;0.021161;0.021121;0.021068;0.021002;0.02093;0.020865;0.020789;0.020693;0.020581;0.020455;0.02033;0.020221;0.020125;0.020028;0.019924
8000;0.02113;0.021127;0.021117;0.021101;0.021081;0.02105;0.021011;0.02096;0.020891;0.020818;0.020758;0.02069;0.020604;0.020507;0.020398;0.02029;0.020196;0.020112;0.020025;0.01993
8500;0.021024;0.02102;0.02101;0.020994;0.020973;0.020942;0.020904;0.020854;0.020787;0.020714;0.020651;0.020591;0.020514;0.02043;0.020336;0.020245;0.020168;0.020095;0.020018;0.019934
9000;0.020921;0.020917;0.020906;0.020889;0.020868;0.020837;0.020798;0.02075;0.020686;0.020612;0.02055;0.020493;0.020423;0.020349;0.020271;0.020195;0.020133;0.020074;0.020008;0.019935
9500;0.020821;0.020817;0.020806;0.020788;0.020766;0.020735;0.020696;0.020649;0.020587;0.020514;0.020452;0.020397;0.020332;0.020265;0.020201;0.020141;0.020093;0.020047;0.019994;0.019931
10000;0.02076;0.020756;0.020743;0.020722;0.020694;0.020657;0.020612;0.020559;0.020491;0.02042;0.020357;0.020301;0.020242;0.020181;0.020127;0.020082;0.020047;0.020014;0.019974;0.019925
10500;0.020707;0.020703;0.02069;0.02067;0.020642;0.020604;0.020559;0.020507;0.020442;0.020367;0.020293;0.020226;0.02016;0.020098;0.020051;0.020019;0.019997;0.019975;0.019947;0.019912
11000;0.020656;0.020651;0.020639;0.020619;0.020592;0.020555;0.020509;0.020458;0.020395;0.020323;0.020249;0.020182;0.020121;0.020057;0.020001;0.01996;0.019942;0.019932;0.019916;0.019893
11500;0.020831;0.020827;0.020814;0.020794;0.020766;0.020731;0.020687;0.020638;0.020577;0.020506;0.020433;0.020367;0.020307;0.020242;0.020186;0.020145;0.020115;0.020085;0.020047;0.020004
12000;0.021009;0.021005;0.020992;0.020972;0.020945;0.020912;0.02087;0.020823;0.020763;0.020692;0.02062;0.020555;0.020495;0.020431;0.020374;0.020334;0.020304;0.020274;0.020236;0.020192
12500;0.021191;0.021187;0.021174;0.021154;0.021129;0.021097;0.021057;0.02101;0.020951;0.020882;0.020811;0.020746;0.020686;0.020622;0.020565;0.020525;0.020497;0.020466;0.020428;0.020383
13000;0.021376;0.021372;0.02136;0.021341;0.021317;0.021287;0.021247;0.021201;0.021143;0.021075;0.021004;0.02094;0.02088;0.020816;0.02076;0.02072;0.020692;0.020661;0.020623;0.020578
13500;0.021567;0.021563;0.021552;0.021534;0.02151;0.02148;0.021441;0.021396;0.021339;0.021271;0.021202;0.021137;0.021077;0.021013;0.020957;0.020918;0.02089;0.020859;0.020821;0.020776
14000;0.021762;0.021758;0.021747;0.021729;0.021706;0.021677;0.021639;0.021594;0.021537;0.021471;0.021402;0.021337;0.021277;0.021213;0.021157;0.021118;0.021091;0.02106;0.021022;0.020978
0.75;0;0.05;0.1;0.15;0.2;0.25;0.3;0.35;0.4;0.45;0.5;0.55;0.6;0.65;0.7;0.75;0.8;0.85;0.9;0.95
0;0.023008;0.022998;0.022967;0.02291;0.022825;0.022719;0.022588;0.022429;0.022202;0.021924;0.021615;0.021252;0.02087;0.020472;0.020058;0.019633;0.019205;0.018796;0.018415;0.01809
500;0.022783;0.022774;0.022742;0.022688;0.022608;0.022508;0.022384;0.022235;0.022019;0.021749;0.021452;0.021101;0.020722;0.020336;0.019936;0.01953;0.01912;0.018732;0.018371;0.018053
1000;0.022565;0.022556;0.022526;0.022474;0.022398;0.022301;0.022184;0.022042;0.021837;0.021576;0.02129;0.020946;0.020575;0.0202;0.019814;0.019427;0.019036;0.018668;0.018328;0.018024
1500;0.022353;0.022345;0.022316;0.022267;0.022195;0.022105;0.021993;0.021855;0.021657;0.021403;0.021125;0.02079;0.020429;0.020064;0.019693;0.019323;0.018953;0.018602;0.018283;0.017999
2000;0.022143;0.022135;0.022109;0.022064;0.021998;0.021912;0.021805;0.021673;0.021483;0.021233;0.020962;0.020639;0.020285;0.019932;0.019573;0.019218;0.018869;0.018534;0.018238;0.017973
2500;0.021942;0.021934;0.021908;0.021865;0.021802;0.021721;0.021618;0.021487;0.021301;0.021062;0.020803;0.020492;0.020149;0.019804;0.019455;0.019114;0.018785;0.018466;0.018192;0.017948
3000;0.021762;0.021754;0.021729;0.021685;0.02162;0.021534;0.021424;0.021293;0.021121;0.020896;0.020646;0.020349;0.020016;0.019681;0.019345;0.019016;0.018701;0.018403;0.018149;0.017923
3500;0.021575;0.021568;0.021544;0.021503;0.021441;0.021359;0.021254;0.021124;0.020952;0.020732;0.020492;0.020208;0.019886;0.019562;0.019237;0.018921;0.018619;0.018342;0.018104;0.017896
4000;0.021387;0.02138;0.021358;0.021319;0.021261;0.021184;0.021086;0.020964;0.020806;0.020596;0.020353;0.020069;0.01976;0.019445;0.019131;0.018827;0.01854;0.01828;0.018061;0.017865
4500;0.0212;0.021193;0.021173;0.021137;0.021085;0.021013;0.020922;0.020809;0.020662;0.020465;0.020233;0.019961;0.019647;0.019331;0.019026;0.018734;0.018462;0.018219;0.018018;0.017835
5000;0.021018;0.021012;0.020994;0.020961;0.020914;0.02085;0.020766;0.020658;0.020519;0.020334;0.020116;0.01986;0.01956;0.019244;0.018931;0.018644;0.018385;0.018159;0.017975;0.017806
5500;0.020846;0.02084;0.020823;0.020794;0.020751;0.02069;0.020611;0.020508;0.020376;0.020205;0.02;0.019761;0.019474;0.019168;0.018868;0.018576;0.018311;0.018099;0.01793;0.017775
6000;0.020676;0.020671;0.020655;0.020628;0.020588;0.020532;0.020458;0.020358;0.020235;0.020078;0.019887;0.019663;0.019389;0.019096;0.018808;0.018528;0.018272;0.018053;0.017885;0.017742
6500;0.020508;0.020503;0.020489;0.020464;0.020427;0.020375;0.020305;0.020212;0.020096;0.019953;0.019776;0.019565;0.019305;0.019027;0.018751;0.018483;0.018239;0.018032;0.017866;0.017712
7000;0.020342;0.020338;0.020325;0.020302;0.020269;0.02022;0.020156;0.020068;0.01996;0.019828;0.019664;0.019467;0.019224;0.018961;0.018698;0.018443;0.018209;0.018015;0.017861;0.017718
7500;0.02018;0.020176;0.020164;0.020143;0.020114;0.020069;0.02001;0.019927;0.019824;0.019703;0.019552;0.019369;0.019145;0.018898;0.018648;0.018406;0.018185;0.018005;0.017859;0.017723
8000;0.020024;0.02002;0.020009;0.01999;0.019963;0.019922;0.019866;0.019789;0.01969;0.019578;0.019441;0.019273;0.019071;0.018839;0.018604;0.018376;0.018169;0.017999;0.017859;0.017727
8500;0.019872;0.019868;0.019858;0.019841;0.019816;0.019778;0.019726;0.019653;0.019558;0.019457;0.019335;0.019183;0.018999;0.018784;0.018562;0.018348;0.018155;0.017996;0.017861;0.017733
9000;0.019759;0.019755;0.019743;0.019725;0.019698;0.019658;0.019605;0.019531;0.019436;0.019341;0.019233;0.019095;0.018928;0.01873;0.018521;0.018321;0.018142;0.017994;0.017865;0.017741
9500;0.019653;0.01965;0.01964;0.019623;0.019599;0.019563;0.019515;0.019447;0.019358;0.019266;0.019161;0.019026;0.018865;0.018676;0.018482;0.018297;0.01813;0.017993;0.017871;0.017751
10000;0.019558;0.019555;0.019546;0.01953;0.019509;0.019476;0.019431;0.019368;0.019284;0.019197;0.019103;0.01898;0.018835;0.01866;0.018472;0.018289;0.018122;0.017993;0.017878;0.017762
10500;0.01947;0.019467;0.019458;0.019444;0.019424;0.019393;0.019351;0.019293;0.019214;0.019131;0.019045;0.018935;0.018804;0.018646;0.018475;0.018307;0.018154;0.018021;0.017894;0.017775
11000;0.019387;0.019384;0.019376;0.019362;0.019343;0.019314;0.019275;0.01922;0.019146;0.019067;0.018989;0.01889;0.018772;0.018632;0.018478;0.018323;0.018185;0.018063;0.017944;0.017821
11500;0.019566;0.019563;0.019554;0.01954;0.019521;0.019492;0.019452;0.019397;0.019323;0.019243;0.019163;0.019065;0.018946;0.018805;0.01865;0.018495;0.018357;0.018235;0.018116;0.017992
12000;0.019747;0.019744;0.019735;0.01972;0.019702;0.019672;0.019632;0.019577;0.019502;0.019421;0.019341;0.019241;0.019121;0.018981;0.018825;0.01867;0.018531;0.018409;0.01829;0.018167
12500;0.019932;0.019928;0.019919;0.019905;0.019886;0.019856;0.019815;0.01976;0.019685;0.019603;0.019522;0.019421;0.0193;0.019159;0.019001;0.018845;0.018706;0.018584;0.018466;0.018344
13000;0.02012;0.020117;0.020108;0.020093;0.020073;0.020043;0.020002;0.019947;0.01987;0.019786;0.019703;0.019601;0.019478;0.019336;0.019179;0.019022;0.018882;0.01876;0.018641;0.018519
13500;0.020309;0.020306;0.020297;0.020281;0.020261;0.020231;0.020189;0.020132;0.020055;0.019971;0.019887;0.019784;0.019661;0.019517;0.01936;0.019202;0.019062;0.01894;0.018821;0.018699
14000;0.020501;0.020497;0.020488;0.020473;0.020452;0.020422;0.02038;0.020323;0.020245;0.020159;0.020075;0.019971;0.019847;0.019703;0.019545;0.019387;0.019246;0.019123;0.019004;0.018883
0.7;0;0.05;0.1;0.15;0.2;0.25;0.3;0.35;0.4;0.45;0.5;0.55;0.6;0.65;0.7;0.75;0.8;0.85;0.9;0.95
0;0.022414;0.0224;0.022358;0.022284;0.022182;0.02206;0.021892;0.021654;0.021326;0.020966;0.020527;0.020043;0.019554;0.019035;0.018495;0.017951;0.017424;0.016937;0.016471;0.016013
500;0.022183;0.022171;0.022131;0.022062;0.021964;0.021843;0.021679;0.021446;0.02113;0.020783;0.02036;0.019893;0.019422;0.018919;0.018393;0.017865;0.017348;0.016869;0.016419;0.015978
1000;0.021967;0.021954;0.021915;0.021846;0.021747;0.021626;0.021465;0.021238;0.020935;0.0206;0.020193;0.019743;0.019288;0.018802;0.018293;0.017778;0.017276;0.016802;0.016364;0.01594
1500;0.021757;0.021744;0.021703;0.021633;0.021535;0.021416;0.021255;0.021038;0.020746;0.020418;0.020026;0.019593;0.019152;0.018684;0.018195;0.01769;0.017202;0.016738;0.01631;0.015898
2000;0.02156;0.021547;0.021508;0.021438;0.021338;0.021212;0.021049;0.020841;0.020561;0.020241;0.019863;0.019445;0.019015;0.018565;0.018094;0.017607;0.017127;0.016675;0.016253;0.015856
2500;0.021362;0.02135;0.021311;0.021241;0.021141;0.02102;0.020864;0.020662;0.020381;0.020064;0.019703;0.019297;0.018881;0.018446;0.017992;0.017523;0.017056;0.016612;0.016196;0.015815
3000;0.02116;0.021148;0.02111;0.021044;0.020949;0.020832;0.020683;0.020494;0.020222;0.019902;0.019543;0.019149;0.018747;0.018328;0.01789;0.017437;0.016989;0.016549;0.016141;0.015776
3500;0.020961;0.02095;0.020914;0.020851;0.020759;0.020647;0.020507;0.020326;0.020063;0.019753;0.019408;0.019008;0.018613;0.018209;0.017788;0.017352;0.01692;0.016489;0.016093;0.015741
4000;0.020765;0.020755;0.020721;0.020661;0.020575;0.020468;0.020332;0.02016;0.019903;0.019604;0.019275;0.01889;0.018496;0.018091;0.017684;0.017266;0.016849;0.01643;0.016048;0.015711
4500;0.020576;0.020566;0.020533;0.020477;0.020394;0.02029;0.020159;0.019992;0.019744;0.019458;0.019144;0.018772;0.018392;0.017999;0.017587;0.01718;0.016772;0.016372;0.016006;0.015684
5000;0.020389;0.02038;0.020349;0.020294;0.020214;0.020113;0.019983;0.019821;0.019588;0.019316;0.019014;0.018657;0.018289;0.017909;0.017512;0.017106;0.016695;0.016315;0.015965;0.015659
5500;0.020205;0.020196;0.020166;0.020113;0.020034;0.019932;0.019807;0.019655;0.019437;0.019176;0.018887;0.018544;0.018187;0.01782;0.017439;0.017042;0.016647;0.016268;0.015924;0.015635
6000;0.020019;0.02001;0.01998;0.019928;0.019851;0.019755;0.019637;0.019495;0.019292;0.019041;0.018762;0.018434;0.018088;0.017733;0.017361;0.01698;0.016601;0.016243;0.015906;0.015613
6500;0.019832;0.019823;0.019795;0.019747;0.019676;0.019586;0.019475;0.019342;0.01915;0.018907;0.018641;0.018327;0.017991;0.017647;0.017282;0.016917;0.016556;0.016217;0.015902;0.015622
7000;0.019651;0.019644;0.019618;0.019573;0.019506;0.019423;0.019319;0.019191;0.019009;0.018775;0.018522;0.018223;0.017898;0.017557;0.017204;0.016855;0.016513;0.016191;0.015898;0.015635
7500;0.019492;0.019484;0.019459;0.019415;0.019351;0.019267;0.019165;0.019042;0.018869;0.018647;0.018406;0.01812;0.017802;0.01747;0.017131;0.016796;0.016471;0.016164;0.015894;0.015651
8000;0.019352;0.019345;0.019321;0.01928;0.01922;0.019141;0.01904;0.018915;0.018748;0.018532;0.018296;0.018019;0.017704;0.017384;0.017059;0.01674;0.016433;0.016141;0.015892;0.015667
8500;0.019214;0.019208;0.019185;0.019146;0.019088;0.019013;0.018918;0.018801;0.018646;0.018446;0.01822;0.017944;0.017635;0.017319;0.017;0.01669;0.016395;0.016123;0.015892;0.015681
9000;0.019075;0.019069;0.019048;0.019012;0.01896;0.01889;0.018801;0.018692;0.01855;0.018362;0.01814;0.017877;0.01758;0.017275;0.01697;0.016673;0.01639;0.016128;0.015897;0.015693
9500;0.018944;0.018938;0.018919;0.018887;0.018839;0.018776;0.018694;0.01859;0.018456;0.018274;0.018061;0.017814;0.017529;0.017234;0.016943;0.016659;0.016391;0.016145;0.015933;0.015734
10000;0.018823;0.018818;0.018801;0.018771;0.018727;0.018667;0.018588;0.018487;0.018357;0.018186;0.017987;0.017755;0.017483;0.017199;0.01692;0.016649;0.016394;0.016164;0.015968;0.015783
10500;0.018703;0.018697;0.018681;0.018653;0.018611;0.018553;0.018478;0.01838;0.018259;0.018102;0.017916;0.017699;0.01744;0.017169;0.016903;0.016642;0.016399;0.016184;0.016003;0.015832
11000;0.018579;0.018573;0.018559;0.018532;0.018494;0.01844;0.01837;0.018279;0.018165;0.018022;0.017849;0.017645;0.017402;0.017145;0.016889;0.01664;0.016409;0.016208;0.01604;0.015884
11500;0.018743;0.018738;0.018723;0.018696;0.018657;0.018603;0.018532;0.01844;0.018326;0.018182;0.018008;0.017803;0.017561;0.017304;0.017048;0.016799;0.016569;0.016367;0.016199;0.016042
12000;0.018907;0.018902;0.018887;0.018861;0.018822;0.018768;0.018698;0.018606;0.018491;0.018346;0.018171;0.017966;0.017723;0.017467;0.017211;0.016962;0.016732;0.016531;0.016363;0.016204
12500;0.01907;0.019065;0.01905;0.019024;0.018986;0.018934;0.018865;0.018775;0.01866;0.018515;0.018338;0.018133;0.017891;0.017634;0.017378;0.017129;0.016899;0.016697;0.01653;0.016371
13000;0.019238;0.019233;0.019218;0.019192;0.019154;0.019101;0.019032;0.018941;0.018829;0.018687;0.01851;0.018305;0.018063;0.017806;0.017549;0.017301;0.017071;0.016868;0.0167;0.01654
13500;0.019411;0.019406;0.019391;0.019365;0.019327;0.019273;0.019203;0.019112;0.018999;0.018856;0.018685;0.018481;0.01824;0.017983;0.017726;0.017477;0.017247;0.017045;0.016875;0.016713
14000;0.019589;0.019584;0.019569;0.019542;0.019504;0.01945;0.01938;0.019287;0.019173;0.01903;0.018858;0.018661;0.018422;0.018165;0.017908;0.01766;0.017429;0.017225;0.017054;0.016891
0.65;0;0.05;0.1;0.15;0.2;0.25;0.3;0.35;0.4;0.45;0.5;0.55;0.6;0.65;0.7;0.75;0.8;0.85;0.9;0.95
0;0.021781;0.021759;0.021692;0.021582;0.021431;0.021245;0.020968;0.020602;0.020197;0.019734;0.019186;0.018645;0.018077;0.017478;0.016887;0.016314;0.015767;0.015292;0.014926;0.014686
500;0.021588;0.02157;0.021519;0.021434;0.021322;0.021173;0.020898;0.020533;0.020112;0.019637;0.019079;0.018531;0.017968;0.017377;0.016788;0.016229;0.015689;0.015207;0.014881;0.014544
1000;0.021414;0.021397;0.021347;0.021262;0.021147;0.021005;0.020783;0.02047;0.020033;0.019545;0.018976;0.01842;0.017861;0.017279;0.016693;0.016145;0.015613;0.015126;0.014719;0.014414
1500;0.021238;0.021221;0.021172;0.02109;0.020977;0.020838;0.020622;0.020322;0.01994;0.019467;0.018878;0.018315;0.017757;0.017183;0.016602;0.016062;0.01554;0.01505;0.01463;0.014296
2000;0.021061;0.021044;0.020997;0.020916;0.020804;0.020669;0.020459;0.020163;0.019781;0.019349;0.018792;0.018216;0.017655;0.017088;0.016514;0.015981;0.015468;0.014979;0.014547;0.014193
2500;0.020881;0.020865;0.020819;0.020739;0.02063;0.020497;0.020293;0.019994;0.019624;0.019209;0.018669;0.018127;0.017561;0.016998;0.01643;0.015899;0.015398;0.014912;0.014472;0.014094
3000;0.0207;0.020684;0.020639;0.020561;0.020454;0.020319;0.020116;0.019822;0.01947;0.019068;0.018547;0.018005;0.017469;0.016911;0.016351;0.01582;0.015329;0.014849;0.014404;0.014016
3500;0.020517;0.020501;0.020454;0.020377;0.020268;0.020134;0.019932;0.019654;0.019316;0.018926;0.018426;0.017901;0.017363;0.016824;0.016273;0.015744;0.015262;0.014791;0.014344;0.013948
4000;0.020323;0.020308;0.020262;0.020185;0.020078;0.019943;0.019751;0.019486;0.019162;0.018782;0.018305;0.017796;0.017268;0.016741;0.016201;0.015672;0.015195;0.014734;0.01429;0.013889
4500;0.020126;0.020111;0.020068;0.01999;0.019882;0.019753;0.019571;0.019322;0.019007;0.018638;0.018182;0.017688;0.017181;0.016663;0.016138;0.015617;0.015129;0.014677;0.014241;0.013839
5000;0.019926;0.019911;0.019869;0.019794;0.01969;0.019565;0.019393;0.019158;0.018851;0.018492;0.018057;0.017578;0.017092;0.016584;0.016075;0.015566;0.015088;0.01463;0.014195;0.013796
5500;0.019726;0.019712;0.019671;0.0196;0.0195;0.01938;0.019219;0.018994;0.018692;0.018346;0.017931;0.017469;0.017002;0.016513;0.016012;0.015519;0.015045;0.014603;0.014171;0.013758
6000;0.01954;0.019527;0.019486;0.019416;0.019319;0.019201;0.019046;0.018829;0.018533;0.018203;0.017803;0.017358;0.016911;0.016441;0.01595;0.015471;0.015004;0.014571;0.014157;0.013753
6500;0.019371;0.019359;0.019321;0.019255;0.01916;0.019045;0.018891;0.018674;0.018383;0.01806;0.017673;0.017248;0.016819;0.016367;0.015897;0.015423;0.014965;0.014539;0.014141;0.013753
7000;0.019207;0.019195;0.019158;0.019094;0.019001;0.018888;0.018736;0.018529;0.018253;0.017942;0.017567;0.017156;0.016742;0.016307;0.015859;0.015396;0.014947;0.014528;0.014138;0.013758
7500;0.019042;0.019031;0.018995;0.018932;0.018839;0.018727;0.018582;0.018388;0.018126;0.017825;0.017468;0.017076;0.01668;0.016264;0.015834;0.015386;0.014944;0.014533;0.014152;0.013787
8000;0.018874;0.018863;0.018827;0.018766;0.018678;0.018571;0.018432;0.018252;0.018;0.017707;0.017372;0.016998;0.016618;0.016219;0.015806;0.015375;0.014948;0.014541;0.014167;0.013818
8500;0.018709;0.018698;0.018665;0.018606;0.018521;0.018419;0.018288;0.018118;0.017876;0.017593;0.017279;0.016921;0.016556;0.016175;0.015776;0.015362;0.014954;0.014558;0.014191;0.013854
9000;0.018549;0.018539;0.018507;0.018452;0.018372;0.018273;0.018148;0.017986;0.017752;0.017484;0.017188;0.016844;0.016494;0.016131;0.015745;0.015348;0.014958;0.014576;0.014221;0.013895
9500;0.018397;0.018388;0.018357;0.018304;0.018227;0.018131;0.018008;0.017854;0.017634;0.017381;0.0171;0.016769;0.016434;0.016085;0.015714;0.015336;0.014963;0.014596;0.014254;0.01394
10000;0.018248;0.018239;0.01821;0.018159;0.018083;0.017989;0.017873;0.017729;0.017525;0.017284;0.017014;0.016698;0.016377;0.016039;0.015684;0.015324;0.014967;0.014615;0.014288;0.013987
10500;0.0181;0.018091;0.018063;0.018015;0.017944;0.017855;0.017745;0.017612;0.017421;0.01719;0.016933;0.016633;0.01632;0.015994;0.015655;0.015312;0.01497;0.014638;0.014324;0.014037
11000;0.017959;0.017951;0.017925;0.01788;0.017813;0.017731;0.017628;0.017502;0.017321;0.017098;0.016855;0.016571;0.016265;0.015952;0.015627;0.015301;0.014973;0.01466;0.014362;0.014088
11500;0.018104;0.018097;0.018071;0.018027;0.017961;0.017878;0.017775;0.017649;0.017469;0.017248;0.017006;0.016723;0.016421;0.016108;0.015782;0.015455;0.015126;0.014812;0.014512;0.014242
12000;0.018257;0.018249;0.018224;0.018179;0.018113;0.01803;0.017927;0.017801;0.017622;0.017402;0.017162;0.016879;0.016581;0.016269;0.015943;0.015614;0.015283;0.014968;0.014666;0.014395
12500;0.018414;0.018406;0.018381;0.018336;0.01827;0.018187;0.018084;0.017958;0.017779;0.01756;0.017323;0.01704;0.016743;0.016434;0.016107;0.015777;0.015445;0.015128;0.014825;0.014552
13000;0.018577;0.018569;0.018543;0.018499;0.018433;0.018349;0.018246;0.018119;0.017942;0.017724;0.017489;0.017208;0.01691;0.016603;0.016277;0.015945;0.015611;0.015293;0.014988;0.014713
13500;0.018745;0.018737;0.018711;0.018667;0.0186;0.018517;0.018413;0.018286;0.01811;0.017895;0.01766;0.01738;0.017083;0.016776;0.016452;0.016119;0.015783;0.015463;0.015156;0.01488
14000;0.018919;0.018912;0.018886;0.018841;0.018774;0.01869;0.018586;0.01846;0.018285;0.018071;0.017836;0.017558;0.017261;0.016953;0.016631;0.016298;0.01596;0.015639;0.01533;0.015052
0.6;0;0.05;0.1;0.15;0.2;0.25;0.3;0.35;0.4;0.45;0.5;0.55;0.6;0.65;0.7;0.75;0.8;0.85;0.9;0.95
0;0.019624;0.019607;0.01956;0.019482;0.019372;0.019226;0.019034;0.018787;0.018508;0.018156;0.017763;0.017306;0.016751;0.016072;0.01543;0.014951;0.014698;0.014715;0.015093;-9999
500;0.019494;0.019477;0.019429;0.01935;0.019238;0.019091;0.018896;0.018649;0.01837;0.018018;0.017627;0.01717;0.016632;0.015979;0.015343;0.014856;0.014567;0.014531;0.014833;-9999
1000;0.019381;0.019363;0.019311;0.019227;0.019115;0.018966;0.018768;0.018517;0.018235;0.017884;0.017491;0.017037;0.016513;0.015885;0.015258;0.014742;0.014418;0.014352;0.014584;-9999
1500;0.019296;0.019278;0.019225;0.019139;0.019019;0.018862;0.018649;0.018393;0.018107;0.017755;0.017358;0.016908;0.016394;0.015789;0.015173;0.014646;0.014295;0.01418;0.014346;0.014829
2000;0.019216;0.019197;0.019144;0.019058;0.018937;0.018779;0.018564;0.018294;0.017987;0.017628;0.01723;0.016784;0.016277;0.015694;0.015089;0.014553;0.01418;0.014018;0.014115;0.014521
2500;0.01914;0.019122;0.019068;0.018981;0.01886;0.018702;0.018483;0.018209;0.017898;0.017522;0.017106;0.016664;0.016161;0.0156;0.015004;0.014463;0.014064;0.013867;0.0139;0.014217
3000;0.019072;0.019052;0.018997;0.018909;0.018787;0.018629;0.018408;0.01813;0.017813;0.017435;0.017013;0.016556;0.016048;0.015504;0.014918;0.014377;0.013963;0.013726;0.013702;0.013931
3500;0.019013;0.018993;0.018936;0.018843;0.018719;0.018561;0.018338;0.018056;0.017733;0.017351;0.016927;0.016471;0.015959;0.015411;0.01483;0.014294;0.013866;0.013597;0.013519;0.013666
4000;0.018963;0.018943;0.018883;0.018787;0.018658;0.018497;0.018273;0.017985;0.017657;0.017273;0.016843;0.016389;0.015881;0.015337;0.01476;0.014218;0.013776;0.013476;0.013351;0.013425
4500;0.018925;0.018904;0.018844;0.018743;0.018609;0.018444;0.018213;0.017922;0.017587;0.017199;0.016764;0.016309;0.015807;0.015261;0.014702;0.01417;0.013708;0.01337;0.013195;0.013205
5000;0.01891;0.018889;0.018829;0.018729;0.018592;0.018418;0.018172;0.017872;0.017522;0.017131;0.016688;0.016233;0.015732;0.015198;0.014672;0.014153;0.013683;0.013305;0.013066;0.013006
5500;0.018897;0.018876;0.018816;0.018716;0.01858;0.018406;0.018155;0.017851;0.017496;0.01709;0.016636;0.016181;0.015688;0.015159;0.014645;0.014138;0.013665;0.01327;0.012991;0.01285
6000;0.018887;0.018866;0.018805;0.018706;0.018569;0.018398;0.018144;0.017833;0.017478;0.017063;0.016601;0.016143;0.015646;0.015124;0.014619;0.014124;0.01365;0.01324;0.01293;0.012741
6500;0.018877;0.018856;0.018796;0.018697;0.018559;0.01839;0.018138;0.017819;0.017464;0.017047;0.016569;0.016105;0.015607;0.015091;0.014593;0.014111;0.013638;0.013217;0.01288;0.012649
7000;0.018752;0.018737;0.018692;0.018617;0.018515;0.018382;0.018136;0.017812;0.017451;0.017034;0.016547;0.016066;0.015571;0.015062;0.014567;0.014099;0.01363;0.0132;0.012863;0.012573
7500;0.018608;0.018593;0.018549;0.018477;0.018377;0.018255;0.018066;0.017803;0.017441;0.017026;0.016534;0.016032;0.015538;0.015037;0.014547;0.014088;0.013626;0.013191;0.012814;0.012514
8000;0.018463;0.018449;0.018406;0.018336;0.018238;0.018119;0.017935;0.017682;0.017382;0.017022;0.016525;0.016008;0.015508;0.015016;0.01453;0.014078;0.013625;0.013188;0.012797;0.012472
8500;0.018318;0.018304;0.018263;0.018194;0.018098;0.01798;0.017803;0.017562;0.017275;0.016933;0.016495;0.015993;0.015483;0.014997;0.014516;0.014067;0.013627;0.013191;0.012793;0.012451
9000;0.018172;0.018158;0.018118;0.018049;0.017954;0.017839;0.017673;0.017447;0.017169;0.016837;0.016411;0.015951;0.015467;0.014981;0.014506;0.014057;0.013629;0.0132;0.012797;0.012434
9500;0.018022;0.018009;0.017969;0.017904;0.017813;0.017703;0.017546;0.017332;0.01706;0.016737;0.016327;0.015888;0.015434;0.014969;0.0145;0.014051;0.013633;0.013213;0.012809;0.012437
10000;0.017876;0.017863;0.017826;0.017763;0.017675;0.017571;0.017424;0.017218;0.016948;0.016634;0.016243;0.015825;0.015394;0.014942;0.014495;0.01405;0.013639;0.01323;0.012829;0.012453
10500;0.017735;0.017724;0.017689;0.017629;0.017546;0.017444;0.017302;0.0171;0.016831;0.016531;0.016161;0.015764;0.015354;0.014923;0.014479;0.014053;0.013647;0.013252;0.012857;0.012481
11000;0.017602;0.017591;0.017558;0.0175;0.017418;0.017318;0.017176;0.016974;0.016717;0.016432;0.016081;0.015705;0.015316;0.014905;0.014471;0.014051;0.013657;0.013276;0.01289;0.012518
11500;0.017742;0.017731;0.017698;0.017639;0.017557;0.017457;0.017318;0.017121;0.016867;0.016584;0.016236;0.015863;0.015475;0.015063;0.014631;0.014206;0.013812;0.01343;0.01304;0.012664
12000;0.017887;0.017876;0.017842;0.017784;0.017701;0.017599;0.017461;0.017271;0.017024;0.016742;0.016397;0.016027;0.01564;0.015227;0.014793;0.014367;0.013972;0.013588;0.013195;0.012814
12500;0.018036;0.018025;0.017991;0.017932;0.017848;0.017746;0.01761;0.017424;0.017185;0.016905;0.016564;0.016197;0.01581;0.015396;0.014962;0.014534;0.014138;0.013751;0.013356;0.012969
13000;0.01819;0.018179;0.018144;0.018085;0.018001;0.017901;0.017766;0.017583;0.017351;0.017075;0.016739;0.016373;0.015987;0.015572;0.015137;0.014707;0.014309;0.01392;0.013522;0.013131
13500;0.018349;0.018338;0.018304;0.018245;0.018162;0.018063;0.017929;0.017749;0.017518;0.017252;0.016922;0.016556;0.01617;0.015754;0.015319;0.014885;0.014487;0.014095;0.013695;0.013299
14000;0.018516;0.018505;0.018471;0.018413;0.018331;0.018232;0.018101;0.017922;0.017692;0.017431;0.017111;0.016747;0.016361;0.015944;0.015507;0.015073;0.014672;0.014278;0.013874;0.013473
0.55;0;0.05;0.1;0.15;0.2;0.25;0.3;0.35;0.4;0.45;0.5;0.55;0.6;0.65;0.7;0.75;0.8;0.85;0.9;0.95
0;0.018612;0.0186;0.018562;0.0185;0.018408;0.018283;0.018124;0.017914;0.017651;0.017297;0.016848;0.016173;0.015349;0.014712;0.014348;0.014332;0.014794;-9999;-9999;-9999
500;0.018438;0.018421;0.018383;0.018321;0.01823;0.018106;0.017945;0.01773;0.017471;0.017132;0.016697;0.016058;0.01525;0.0146;0.014221;0.01417;0.014572;-9999;-9999;-9999
1000;0.018258;0.018245;0.018207;0.018144;0.01805;0.017922;0.01776;0.017548;0.017292;0.016966;0.016552;0.015945;0.015152;0.014497;0.014096;0.014014;0.014357;-9999;-9999;-9999
1500;0.018098;0.018084;0.018042;0.017975;0.017876;0.017742;0.01758;0.017371;0.017119;0.016803;0.016406;0.015841;0.015056;0.014397;0.013976;0.013863;0.01415;-9999;-9999;-9999
2000;0.017949;0.017935;0.017894;0.017828;0.01773;0.017597;0.01743;0.017212;0.016952;0.016641;0.01626;0.015734;0.014966;0.014302;0.013863;0.013716;0.013951;0.014663;-9999;-9999
2500;0.017805;0.017791;0.01775;0.017684;0.017588;0.017456;0.01729;0.017075;0.016819;0.016498;0.016119;0.015604;0.01488;0.014228;0.013789;0.013575;0.013762;0.01439;-9999;-9999
3000;0.017667;0.017653;0.017612;0.017547;0.01745;0.01732;0.017155;0.016942;0.016688;0.01637;0.016004;0.015513;0.014835;0.014165;0.013687;0.01346;0.013581;0.014128;-9999;-9999
3500;0.017559;0.017544;0.017502;0.017434;0.017334;0.017201;0.017033;0.016819;0.016569;0.016259;0.015912;0.015453;0.014814;0.014125;0.013622;0.013356;0.013423;0.013879;-9999;-9999
4000;0.017463;0.017449;0.017407;0.017338;0.017239;0.017107;0.01694;0.016726;0.016479;0.016171;0.015828;0.01539;0.014791;0.014096;0.013577;0.01328;0.013299;0.013652;-9999;-9999
4500;0.017372;0.017358;0.017316;0.017248;0.017149;0.017017;0.016849;0.016636;0.016392;0.016084;0.015745;0.015327;0.014764;0.014082;0.013536;0.013216;0.013194;0.013482;-9999;-9999
5000;0.017287;0.017272;0.01723;0.017162;0.017064;0.016932;0.016764;0.016552;0.016308;0.016002;0.015663;0.015263;0.014734;0.014067;0.013512;0.013166;0.013095;0.013318;-9999;-9999
5500;0.017206;0.017192;0.017149;0.017081;0.016982;0.016851;0.016684;0.016471;0.016227;0.015923;0.015585;0.015198;0.014678;0.014053;0.013494;0.013121;0.013004;0.013179;0.013666;-9999
6000;0.017131;0.017117;0.017074;0.017005;0.016906;0.016776;0.016607;0.016392;0.01615;0.015847;0.015511;0.015133;0.01464;0.01404;0.01348;0.013085;0.01292;0.013033;0.013445;-9999
6500;0.017062;0.017047;0.017004;0.016934;0.016835;0.016705;0.016534;0.016319;0.016076;0.015775;0.015442;0.015068;0.014601;0.014028;0.01347;0.01305;0.012846;0.012899;0.013234;-9999
7000;0.016999;0.016984;0.01694;0.01687;0.01677;0.016638;0.016466;0.016249;0.016006;0.015707;0.015377;0.015006;0.01456;0.014015;0.013461;0.013025;0.012781;0.012776;0.013036;-9999
7500;0.016942;0.016927;0.016883;0.016811;0.01671;0.016577;0.016403;0.016184;0.01594;0.015643;0.015315;0.014948;0.014521;0.014;0.013456;0.013005;0.012726;0.012666;0.012852;-9999
8000;0.016891;0.016875;0.016831;0.016758;0.016656;0.016522;0.016346;0.016126;0.015879;0.015583;0.015258;0.014895;0.01448;0.013972;0.013451;0.012991;0.01268;0.012569;0.012684;-9999
8500;0.016849;0.016833;0.016788;0.016714;0.016611;0.016477;0.016296;0.016074;0.015826;0.015531;0.015206;0.014847;0.014441;0.013956;0.013448;0.012983;0.012644;0.012485;0.012535;0.01284
9000;0.016816;0.0168;0.016754;0.016679;0.016575;0.016441;0.016259;0.016032;0.015778;0.015484;0.015159;0.014803;0.014403;0.013944;0.013446;0.012979;0.012612;0.012413;0.012407;0.012619
9500;0.016791;0.016775;0.016728;0.016652;0.016547;0.016413;0.016229;0.016001;0.015741;0.015442;0.015117;0.014764;0.014367;0.01393;0.013443;0.01298;0.012598;0.012354;0.0123;0.012424
10000;0.016771;0.016755;0.016708;0.016632;0.016527;0.016392;0.016207;0.015977;0.015714;0.015408;0.015081;0.014728;0.014336;0.013917;0.013454;0.012986;0.012589;0.012302;0.012196;0.012255
10500;0.016758;0.016742;0.016695;0.016618;0.016514;0.016379;0.016192;0.01596;0.015695;0.015389;0.01505;0.014698;0.014311;0.013904;0.013457;0.013003;0.012584;0.012272;0.012112;0.0121
11000;0.016754;0.016737;0.016689;0.016612;0.016507;0.016374;0.016185;0.015951;0.015684;0.015376;0.015026;0.014674;0.014291;0.013891;0.013465;0.01303;0.012601;0.012261;0.012049;0.011971
11500;0.016911;0.016894;0.016847;0.01677;0.016664;0.016532;0.016342;0.01611;0.015844;0.015539;0.015195;0.01484;0.014459;0.014062;0.013635;0.013194;0.012765;0.01242;0.012202;0.012135
12000;0.017075;0.017059;0.017012;0.016935;0.016829;0.016695;0.016507;0.016276;0.016011;0.015709;0.015368;0.015014;0.014635;0.014239;0.013825;0.013365;0.012937;0.012586;0.012363;0.01229
12500;0.017248;0.017231;0.017184;0.017107;0.017;0.016865;0.016678;0.016449;0.016185;0.015886;0.015548;0.015194;0.014817;0.014424;0.014006;0.013543;0.013113;0.01276;0.01253;0.012452
13000;0.017428;0.017412;0.017364;0.017286;0.017179;0.017044;0.016858;0.016629;0.016367;0.01607;0.015734;0.015381;0.015007;0.014617;0.014194;0.01373;0.013295;0.012942;0.012706;0.012621
13500;0.017619;0.017602;0.017554;0.017475;0.017367;0.017232;0.017047;0.016819;0.016557;0.016262;0.015929;0.015574;0.015206;0.014819;0.014392;0.013925;0.013487;0.013131;0.01289;0.012795
14000;0.017818;0.017801;0.017753;0.017674;0.017565;0.017431;0.017246;0.017018;0.016757;0.016462;0.016132;0.015781;0.015414;0.01503;0.014599;0.014131;0.013689;0.013329;0.013081;0.012975
0.53;0;0.05;0.1;0.15;0.2;0.25;0.3;0.35;0.4;0.45;0.5;0.55;0.6;0.65;0.7;0.75;0.8;0.85;0.9;0.95
0;0.01839;0.018378;0.018339;0.018275;0.018179;0.018052;0.017883;0.017657;0.017347;0.016943;0.016389;0.015636;0.014859;0.014356;0.014121;0.014381;-9999;-9999;-9999;-9999
500;0.018204;0.018185;0.018146;0.018082;0.017987;0.017861;0.017699;0.017482;0.017192;0.016797;0.016269;0.015533;0.014743;0.014237;0.013983;0.014197;0.014995;-9999;-9999;-9999
1000;0.018005;0.017992;0.017954;0.017891;0.017799;0.017675;0.017517;0.017308;0.017029;0.016648;0.016146;0.015428;0.014642;0.014119;0.013849;0.014019;0.014737;-9999;-9999;-9999
1500;0.017839;0.017826;0.017786;0.017721;0.017625;0.017496;0.017337;0.017135;0.016869;0.016508;0.016023;0.015324;0.014552;0.014017;0.013727;0.013846;0.014487;-9999;-9999;-9999
2000;0.017685;0.017672;0.017633;0.017569;0.017475;0.017348;0.017186;0.016979;0.016712;0.016373;0.015894;0.015237;0.014481;0.013937;0.013626;0.013678;0.014246;-9999;-9999;-9999
2500;0.017548;0.017534;0.017494;0.017428;0.017332;0.017203;0.017043;0.016838;0.016585;0.016253;0.015794;0.01516;0.014414;0.013854;0.013527;0.013537;0.014015;-9999;-9999;-9999
3000;0.017433;0.01742;0.01738;0.017316;0.017221;0.017095;0.016935;0.016732;0.016488;0.016164;0.015731;0.015106;0.014361;0.013774;0.013432;0.013404;0.013794;-9999;-9999;-9999
3500;0.017321;0.017308;0.017269;0.017206;0.017113;0.016988;0.01683;0.01663;0.01639;0.01607;0.015666;0.015054;0.014324;0.013729;0.013356;0.013286;0.013612;-9999;-9999;-9999
4000;0.017213;0.0172;0.017161;0.017098;0.017006;0.016883;0.016728;0.01653;0.016284;0.015975;0.015599;0.01501;0.014289;0.013685;0.013296;0.013189;0.013458;-9999;-9999;-9999
4500;0.017108;0.017095;0.017056;0.016994;0.016903;0.016781;0.016627;0.016423;0.016179;0.015882;0.015507;0.014971;0.014255;0.013646;0.013242;0.013098;0.013314;-9999;-9999;-9999
5000;0.017006;0.016993;0.016955;0.016893;0.016802;0.016677;0.01652;0.016318;0.016079;0.015788;0.015431;0.014934;0.014226;0.013612;0.01319;0.013013;0.013179;0.013781;-9999;-9999
5500;0.016906;0.016893;0.016854;0.01679;0.016697;0.016572;0.016416;0.016218;0.015982;0.015694;0.015354;0.014891;0.014205;0.013582;0.013129;0.012934;0.013053;0.013578;-9999;-9999
6000;0.016804;0.016791;0.016751;0.016687;0.016595;0.016472;0.016317;0.01612;0.015888;0.015602;0.015277;0.014847;0.014196;0.013555;0.013097;0.012863;0.012936;0.013385;-9999;-9999
6500;0.016706;0.016693;0.016653;0.01659;0.016498;0.016376;0.016222;0.016026;0.015798;0.015515;0.0152;0.0148;0.014185;0.013531;0.01306;0.012796;0.01283;0.013215;-9999;-9999
7000;0.016615;0.016601;0.016562;0.016499;0.016407;0.016285;0.016132;0.015937;0.015712;0.015433;0.015126;0.014752;0.014171;0.013528;0.013027;0.012741;0.012731;0.01304;-9999;-9999
7500;0.016531;0.016518;0.016478;0.016415;0.016323;0.016202;0.016049;0.015855;0.015633;0.015357;0.015053;0.014682;0.014155;0.013525;0.013013;0.0127;0.012642;0.01288;-9999;-9999
8000;0.016454;0.016441;0.016401;0.016337;0.016246;0.016125;0.015971;0.015778;0.015559;0.015286;0.014984;0.014629;0.014135;0.013525;0.013007;0.012666;0.012562;0.012732;-9999;-9999
8500;0.016385;0.016371;0.016331;0.016267;0.016175;0.016054;0.0159;0.015708;0.01549;0.01522;0.014921;0.014575;0.014114;0.013526;0.013007;0.012641;0.012491;0.012598;0.013008;-9999
9000;0.016323;0.016309;0.016269;0.016204;0.016112;0.015991;0.015836;0.015643;0.015426;0.01516;0.014862;0.014523;0.01409;0.013528;0.013012;0.012619;0.012429;0.012479;0.012807;-9999
9500;0.016269;0.016255;0.016215;0.016149;0.016056;0.015935;0.015779;0.015585;0.015369;0.015104;0.014808;0.014474;0.014064;0.013532;0.013022;0.012609;0.012379;0.01237;0.012624;-9999
10000;0.016227;0.016212;0.016171;0.016105;0.016012;0.01589;0.015731;0.015535;0.015318;0.015054;0.014759;0.014429;0.014036;0.013536;0.013035;0.012608;0.012341;0.012276;0.012466;-9999
10500;0.016195;0.01618;0.016139;0.016072;0.015978;0.015856;0.015695;0.015495;0.015274;0.015009;0.014716;0.01439;0.014015;0.013541;0.013051;0.012615;0.012316;0.012198;0.01231;-9999
11000;0.016172;0.016158;0.016116;0.016048;0.015953;0.015831;0.015669;0.015467;0.015238;0.014972;0.01468;0.014357;0.013996;0.013546;0.01307;0.012632;0.012305;0.012137;0.01218;0.012444
11500;0.016343;0.016329;0.016287;0.016219;0.016124;0.016002;0.015839;0.015639;0.015413;0.015145;0.014854;0.014534;0.014176;0.01372;0.013244;0.012801;0.01247;0.012295;0.012334;0.012595
12000;0.016524;0.016509;0.016467;0.016398;0.016303;0.01618;0.016017;0.015817;0.015593;0.015325;0.015036;0.014718;0.014363;0.013902;0.013425;0.012979;0.012643;0.012462;0.012494;0.012751
12500;0.016712;0.016697;0.016655;0.016586;0.01649;0.016366;0.016203;0.016003;0.01578;0.015515;0.015226;0.014911;0.014567;0.014093;0.013613;0.013166;0.012826;0.012636;0.012662;0.012913
13000;0.01691;0.016895;0.016852;0.016782;0.016686;0.016561;0.016398;0.016198;0.015975;0.015713;0.015424;0.015112;0.014767;0.014294;0.013812;0.013365;0.013018;0.01282;0.012838;0.013095
13500;0.017117;0.017102;0.017059;0.016989;0.016891;0.016766;0.016602;0.016402;0.01618;0.01592;0.015633;0.015323;0.014976;0.014505;0.014021;0.013574;0.013221;0.013014;0.013022;0.013268
14000;0.017336;0.017321;0.017277;0.017206;0.017108;0.016982;0.016817;0.016617;0.016395;0.016136;0.01585;0.015544;0.015197;0.014727;0.014243;0.013795;0.013437;0.01322;0.013216;0.013449
0.5;0;0.05;0.1;0.15;0.2;0.25;0.3;0.35;0.4;0.45;0.5;0.55;0.6;0.65;0.7;0.75;0.8;0.85;0.9;0.95
0;0.0188424183133401;0.0188206440394301;0.0187547981528919;0.0186459084830334;0.0184865628623932;0.0182799315767545;0.0180141556194817;0.0176763964969355;0.0172741473277839;0.0167747733709699;0.0161532447550595;0.0153463475632987;0.0144610432498128;0.0137741181932079;0.0133564156402672;0.0133836847229688;-9999;-9999;-9999;-9999
500;0.0187009936979057;0.0186729599145129;0.0186094967527812;0.0185031620214872;0.0183498761817655;0.0181502057128825;0.0178865280962202;0.0175506686673973;0.0171563641287362;0.0166629643643948;0.0160537002975764;0.0152634582084699;0.0143759206537313;0.0136814045525354;0.0132401565658808;0.0132195299000088;0.0137404294103257;-9999;-9999;-9999
1000;0.0185515764826166;0.0185291358218786;0.0184647694013124;0.0183582602180514;0.0182065982073497;0.018008763236588;0.0177539587700239;0.0174289934489411;0.0170368119746067;0.0165521959825187;0.0159596256533867;0.0151863539273807;0.0143030712472732;0.0135960189828907;0.0131297603914752;0.0130582965317808;0.0134965386553038;-9999;-9999;-9999
1500;0.0184260271182674;0.0184040637701398;0.0183383988767398;0.0182311238796517;0.0180754659103982;0.0178736958600118;0.0176180142150636;0.0173005007751092;0.0169221729414257;0.0164522440400048;0.0158701070646581;0.0151199282807632;0.0142406318866059;0.0135220666688738;0.0130303865138676;0.0129075768542676;0.0132684590614861;-9999;-9999;-9999
2000;0.0183106413871888;0.0182887739925361;0.0182249432106068;0.0181207369854076;0.0179678816121037;0.0177692838660271;0.01751215131878;0.0171873168522432;0.0168012999660294;0.0163495864505363;0.0157819750489536;0.0150663059470093;0.0141966095643917;0.013467305871965;0.0129493978901354;0.0127649998738487;0.0130504932351008;-9999;-9999;-9999
2500;0.0182016666132075;0.0181798784914059;0.0181168477442649;0.0180131482830564;0.0178642375632296;0.0176681871596796;0.0174167931110221;0.0170953915960061;0.016718915111862;0.0162618626604603;0.0157034860455949;0.0150076606545802;0.0141584897969437;0.0134249772253228;0.0128915903623683;0.0126441018265575;0.0128464065353148;-9999;-9999;-9999
3000;0.0181019010729159;0.0180807006450366;0.0180189953610285;0.0179188349144786;0.0177726022524741;0.0175823150768709;0.0173343790211633;0.0170195174736489;0.0166529709949558;0.0162038010582387;0.0156654769008809;0.0149772495243022;0.0141450906266395;0.0133897399821935;0.0128271185716619;0.0125432227263674;0.0126593219349944;-9999;-9999;-9999
3500;0.0180121760141645;0.0179911416191564;0.0179304339367519;0.0178312289923763;0.0176878026062598;0.0174999790131814;0.0172550862655981;0.0169462936931964;0.0165886002890473;0.0161488975222557;0.0156363043974882;0.0149702739562499;0.0141579134749793;0.0133836190799328;0.0127897402048756;0.0124606381664531;0.012506049188348;-9999;-9999;-9999
4000;0.0179315590300212;0.0179114794546054;0.0178507754996124;0.0177518511412871;0.0176108669400558;0.0174257156899186;0.0171853517339828;0.0168828038176379;0.0165279530635515;0.0160994895862619;0.0156071315369168;0.0149644535435329;0.0141741701112078;0.0133904708166939;0.012776437378395;0.0124042917322415;0.0123887404775661;-9999;-9999;-9999
4500;0.017850057877451;0.0178306376531645;0.0177722871013618;0.0176760884588058;0.0175384887558942;0.0173597261626125;0.0171231422937523;0.016818779746207;0.0164677676578845;0.0160483723884684;0.015561877216836;0.0149551735297376;0.0141872335109009;0.0134060257160038;0.0127746028077216;0.012371374161559;0.0122938017161862;-9999;-9999;-9999
5000;0.0177679850132182;0.0177483687917718;0.0176924646208067;0.0175997480768578;0.0174666255541516;0.0172901561726588;0.0170568503108771;0.0167597379633286;0.0164134070689279;0.0160030806429378;0.0155250653034985;0.0149439754981842;0.014196559252323;0.0134209908396728;0.0127860489855466;0.0123571908838163;0.0122263885594374;0.012463837821748;-9999;-9999
5500;0.0176836969145828;0.0176653742253847;0.0176099149669496;0.0175192975953732;0.0173885157277703;0.0172171492625197;0.0169899533678485;0.0167022690704688;0.0163628812264453;0.0159590959918844;0.0154957659619932;0.0149434041463835;0.0142073687964198;0.0134415448627265;0.0127914759208682;0.0123450169718429;0.0121686106931197;0.0123393302089876;-9999;-9999
6000;0.0175991368217932;0.0175811519904814;0.0175264688004699;0.0174381064314507;0.01731124335662;0.0171463647320907;0.016924789246621;0.0166417285160288;0.0163107325003698;0.0159119735045242;0.0154633436906157;0.0149373368943318;0.0142341631870824;0.013473068759297;0.0128138517061264;0.0123357099887702;0.0121157136351794;0.0122164503123603;-9999;-9999
6500;0.0175170078247626;0.0174992781524347;0.0174466178587094;0.0173609676824218;0.0172370746489434;0.0170773405114164;0.0168612716525251;0.0165824359355036;0.0162594739451665;0.0158674278581214;0.0154257454046723;0.0149200263215978;0.0142516096812048;0.0135005331934225;0.0128390523788293;0.0123359193968872;0.0120701830876178;0.0121091004055751;-9999;-9999
7000;0.0174228835934253;0.017406112357901;0.0173566637934053;0.0172758796321342;0.0171592013643907;0.0170076954307677;0.0167976374228765;0.0165246553508793;0.0162096778429784;0.0158266699043606;0.0153918912188937;0.0148996292155401;0.0142599409301644;0.0135311282621373;0.0128619032536162;0.0123455434652588;0.0120419762878184;0.0120101394909998;-9999;-9999
7500;0.0173304875276987;0.0173143636284832;0.0172660303845114;0.0171870083957078;0.0170729397646115;0.0169254584304548;0.0167272164323437;0.0164679263499148;0.0161601569299259;0.0157868954328255;0.0153581499115726;0.0148677800595888;0.0142664527189118;0.0135581045450331;0.0128906432750853;0.0123594786021174;0.0120207253650767;0.0119283887449777;-9999;-9999
8000;0.0172415042588379;0.0172256484831851;0.0171786058146064;0.0171018132556417;0.0169913666609954;0.0168476456548685;0.0166522711559482;0.0164004183551088;0.0161072433244008;0.0157466628208506;0.0153251234462033;0.0148439368536659;0.0142653539434163;0.0135775225489422;0.0129194209285874;0.0123739463791369;0.0120030593358922;0.0118544045004776;-9999;-9999
8500;0.0171584304158813;0.0171427767346954;0.0170972656949543;0.0170223442480393;0.016914740178234;0.0167750025085332;0.0165830243998976;0.0163382975382237;0.0160528121191177;0.0157028783546276;0.0152914782761648;0.0148187052199501;0.0142605721182371;0.01359751084875;0.0129489005291616;0.0123917962188744;0.0119910777500561;0.0117922724347648;0.0118450974709881;-9999
9000;0.0170789363739064;0.0170636077880053;0.0170198604029621;0.0169464129457924;0.0168421356826495;0.0167074754843986;0.0165221250421623;0.0162822100400779;0.0160013286003099;0.0156616714157468;0.015257173342993;0.0147943962787535;0.0142508415150388;0.0136148178382032;0.0129764530913867;0.0124090749288384;0.0119825114329842;0.011742005036926;0.0117295586019813;-9999
9500;0.0170040623924051;0.0169897322077562;0.0169464795567138;0.0168755867639603;0.0167747209292656;0.0166450233592917;0.0164646404465998;0.0162309896752608;0.015953285082687;0.0156195394272333;0.0152239987230427;0.0147722021788707;0.0142470122141358;0.0136281215106434;0.013001066564378;0.0124292872768877;0.0119841549096877;0.0117000695706501;0.0116326675815156;-9999
10000;0.0169327990791777;0.0169180128339062;0.0168760509716008;0.0168081803938402;0.0167110665674626;0.0165865053635441;0.016412123893638;0.0161843293619293;0.0159113857469664;0.0155803638159671;0.0151928137782052;0.0147502563454529;0.0142419455915731;0.0136505846417194;0.0130298789286573;0.0124510952062644;0.011987824151157;0.0116657309666308;0.0115484723375875;-9999
10500;0.0168720786055865;0.0168583349706878;0.0168183199311511;0.0167515826385521;0.0166574400356013;0.016534918537723;0.016362677298696;0.0161388870184834;0.0158671706602861;0.015543736811762;0.0151619808076529;0.0147306157147707;0.0142403384373669;0.0136734608190481;0.0130669575891748;0.0124809356838664;0.0119918932782809;0.0116429973767031;0.0114721436785013;-9999
11000;0.0168151277410527;0.0168018262081356;0.0167619084314193;0.0166965636985076;0.0166045716520413;0.0164882941206658;0.0163204519995471;0.0160979597760866;0.0158282246539411;0.0155103869835071;0.0151325166540772;0.0147112756590921;0.0142354611841919;0.013690129575814;0.0131044642543742;0.0125307761240097;0.0120145738427771;0.0116310310069861;0.0114108878324352;0.0113609480314213
11500;0.0169811643574946;0.0169674768243788;0.0169282060578708;0.016862378726099;0.0167700902133044;0.0166527692971968;0.0164834746947222;0.0162623918426678;0.0159942638385375;0.015677053350222;0.015304814381116;0.0148853043059012;0.0144138274014287;0.0138683736931026;0.0132843866314623;0.0127037768274232;0.0121862893759942;0.0117985395120595;0.0115742486650111;0.011528562908472
12000;0.0171564092550791;0.0171424693368296;0.0171027635629208;0.0170366836440379;0.0169429490365966;0.0168222237574237;0.0166518643491472;0.016430544679468;0.0161643290276526;0.0158476394221986;0.0154774293429084;0.0150592920570321;0.014591650167562;0.0140449880855977;0.0134669829762261;0.0128776851991789;0.0123601518353222;0.0119682612547276;0.0117392039327988;0.0116869157278717
12500;0.0173390022550897;0.0173248501947402;0.0172849303710174;0.0172174625252496;0.0171215570742003;0.0169982662788293;0.0168263781460057;0.0166054539435156;0.0163405175487354;0.0160262708158192;0.0156558849846393;0.0152378826536814;0.0147749838806662;0.0142226319442412;0.0136414510063722;0.013051965568336;0.0125330429592697;0.0121371924322388;0.0119015603486839;0.0118449375434312
13000;0.0175304349985907;0.0175167060302045;0.0174748031169286;0.017405846831395;0.01730814911822;0.0171827295748675;0.0170098385352181;0.016787665933372;0.0165246814304213;0.0162122835768361;0.0158412127540745;0.0154236931632341;0.0149609953652539;0.0144085832716961;0.013822508056371;0.0132305972318372;0.0127050886510223;0.0123052503729873;0.0120650344995039;0.0120098269687408
13500;0.0177311485826843;0.0177164219209173;0.01767409704523;0.0176034952855511;0.017503152413514;0.0173763898564657;0.0172021751511973;0.0169799894340711;0.0167166843325567;0.0164062255664519;0.0160366059460607;0.015617892061959;0.015155093856798;0.0146033936679429;0.0140136839314965;0.0134178866218388;0.0128866092013184;0.0124782040222942;0.0122290991321672;0.0121635220993947
14000;0.017941330539884;0.0179267776697279;0.0178833260392331;0.0178109027799835;0.0177087451578839;0.017580438179607;0.0174051113822406;0.0171822806392279;0.0169178979731131;0.0166063417434781;0.0162393692250723;0.0158234789774868;0.0153595695160253;0.0148080531879429;0.0142148735722437;0.0136173747670685;0.0130794126538337;0.0126619356706196;0.012400528061022;0.0123197349130482
0.45;0;0.05;0.1;0.15;0.2;0.25;0.3;0.35;0.4;0.45;0.5;0.55;0.6;0.65;0.7;0.75;0.8;0.85;0.9;0.95
0;0.0187016308250742;0.018674162285865;0.0185913274953714;0.018454816422488;0.0182544039668434;0.0179955933187603;0.0176700353918316;0.0172653052709378;0.0167958716568637;0.0162185021786046;0.0155036666021026;0.0145693885481668;0.0135545306850762;0.0128182767332384;0.0124386588124293;0.0126376634637717;-9999;-9999;-9999;-9999
500;0.0185924121629742;0.0185560512002782;0.018475566772288;0.0183401722573762;0.0181451665360074;0.0178934730708897;0.0175698205457494;0.0171664195361903;0.0167058344889919;0.0161336273556048;0.0154305825829693;0.0145134508008389;0.0134896391747488;0.0127366871831415;0.0123203304374992;0.0124500521332061;0.013280084393435;-9999;-9999;-9999
1000;0.0184677637145566;0.0184388759213386;0.0183567760718658;0.0182214713739891;0.0180291600910874;0.0177800421832204;0.0174649769853585;0.0170722310582219;0.0166128195381672;0.0160498500216927;0.0153658807699599;0.0144669792162639;0.0134427041084945;0.0126659640105541;0.0122100512755419;0.0122678500562326;0.0129845466475915;-9999;-9999;-9999
1500;0.0183690096785027;0.0183410716507371;0.0182578952408138;0.0181221975243202;0.0179251025442597;0.0176714002836725;0.0173558744877513;0.0169721445058998;0.0165266580627225;0.0159803431101811;0.0153085291324445;0.014436006730924;0.0134109184528041;0.0126110300852459;0.0121144760130533;0.0120990087572355;0.0127092080489776;-9999;-9999;-9999
2000;0.0182825143854499;0.0182548134567625;0.018173817382233;0.0180425204568418;0.0178492972233403;0.0176000307545096;0.0172825067660661;0.0168887955060543;0.016433198765743;0.0159084847613243;0.015252557368582;0.0144227330559472;0.0134056084688321;0.0125837846859733;0.0120449604531852;0.011941298286502;0.0124463702745468;-9999;-9999;-9999
2500;0.0182022470908832;0.0181745723197935;0.0180951494611768;0.0179649407431598;0.0177778759722571;0.017532167613066;0.0172228150691098;0.0168339128310165;0.0163896967500155;0.0158553578426694;0.0152092475710929;0.0144010223528407;0.0134073143182028;0.0125740550154282;0.0120077461904808;0.011814279570352;0.0122032311769445;-9999;-9999;-9999
3000;0.0181307690085682;0.0181041863079277;0.0180268341693775;0.0179017335534635;0.0177188091558154;0.0174819511164708;0.0171781453715485;0.0167982779792279;0.0163660573401487;0.01584136900155;0.0152198650495249;0.0144182671486028;0.0134404778999325;0.0125735243479869;0.011962843412194;0.0117145695675549;0.0119834454766396;-9999;-9999;-9999
3500;0.0180700749188435;0.0180437849949801;0.0179684225523435;0.0178453275880765;0.0176673286172086;0.0174342061731708;0.01713473195174;0.0167625626872363;0.0163423320623426;0.0158296905316195;0.015239498268219;0.0144648899417202;0.0135101197362836;0.01261176635568;0.0119541322320354;0.011640440384672;0.0118091368399156;-9999;-9999;-9999
4000;0.0180226138139588;0.0179975339080254;0.0179221201091258;0.0177996215819263;0.0176250211816874;0.0173954823925485;0.0171010056724022;0.0167375724226382;0.0163206453377375;0.0158221385799419;0.0152571891606805;0.0145107503828318;0.0135819444595054;0.0126677491750519;0.0119776727059673;0.0116011100105759;0.0116840979923068;-9999;-9999;-9999
4500;0.0179702082955548;0.0179464057469661;0.0178745152327536;0.0177566977002256;0.0175879423263449;0.0173686155131297;0.0170796378382855;0.0167115758164587;0.0162987028439292;0.0158106706406044;0.0152513019536031;0.0145490077256169;0.0136464871049456;0.0127330341987123;0.0120162819218993;0.0115937291779824;0.0115901461539767;-9999;-9999;-9999
5000;0.0179120174597869;0.0178879184916995;0.0178196778818186;0.0177071146145102;0.0175452910822655;0.0173305172920253;0.0170482355618354;0.0166913043838334;0.0162852358058773;0.0158087252215636;0.0152570284468811;0.0145834444631727;0.0137041291841782;0.0127941910666523;0.0120687371681395;0.0116093324304539;0.0115323207090027;0.0119281017428039;-9999;-9999
5500;0.0178477283227884;0.0178256022361508;0.0177582771747932;0.0176490778571669;0.0174911213715719;0.0172842665317918;0.017010941050782;0.0166678364821464;0.0162716830494936;0.0158046579188973;0.0152724246138645;0.0146353439520925;0.0137640235752521;0.0128597318859495;0.0121102261426269;0.0116245431554524;0.0114853613200128;0.0117899432045368;-9999;-9999
6000;0.0177802794622174;0.0177585913737745;0.0176929280783016;0.0175873987236966;0.0174355572976966;0.0172379717929223;0.01697364345236;0.0166380039999135;0.0162530585786446;0.015792189443361;0.0152796380832407;0.0146761746791069;0.0138461886821203;0.0129440811451704;0.0121750944190338;0.0116408305539198;0.0114418429828215;0.0116521117503844;-9999;-9999
6500;0.0177130721717681;0.0176919542219081;0.0176291531110331;0.0175275617853606;0.0173801274666428;0.0171899506997487;0.0169343591593787;0.0166060059731238;0.016232698805772;0.015781030202579;0.0152774353905434;0.0146988445114314;0.0139128333256541;0.0130207552726108;0.0122453380311077;0.0116736681604143;0.0114066193315951;0.0115324683030235;-9999;-9999
7000;0.0176384481192599;0.0176181162766839;0.0175583878514734;0.0174610650090696;0.0173203954636739;0.0171388112022043;0.0168917937401812;0.0165728526167618;0.0162108880199663;0.0157714131074831;0.0152763327767017;0.0147144218870778;0.0139633863995329;0.0130978653527493;0.012309179259494;0.0117164487493632;0.0113963212013282;0.0114239647637534;-9999;-9999
7500;0.017565171456369;0.0175457274300187;0.0174877698854485;0.0173932739595425;0.0172567905105135;0.0170804659992776;0.0168449194385438;0.0165389165272749;0.0161868021266725;0.0157606374458387;0.0152724824526509;0.0147119020949085;0.0140090546800887;0.0131670018344688;0.0123771684865773;0.0117616872025981;0.011392329363704;0.011337431537278;-9999;-9999
8000;0.0174937867027678;0.017474760761124;0.0174188707743017;0.0173279703317606;0.0171967173532397;0.0170258174193603;0.0167944540930614;0.0164985226965378;0.0161609372692244;0.0157461658076603;0.0152668805228692;0.0147169895592864;0.0140423802160588;0.0132243572405744;0.0124432920062907;0.0118055118029547;0.0113906321750525;0.0112589717858138;-9999;-9999
8500;0.0174282063766254;0.0174097459945199;0.0173561093529128;0.0172682684391418;0.0171416383038263;0.0169768674394979;0.0167500695229283;0.0164634186742551;0.016135436331698;0.0157332981792499;0.0152585976999247;0.0147156661338965;0.0140663339056588;0.0132782767048579;0.0125078358057304;0.0118521586508385;0.0113946648310662;0.0111946421457284;0.0113158776138804;-9999
9000;0.0173630730959769;0.0173451327603196;0.0172945854507371;0.0172093393014262;0.0170879799395371;0.0169312639137898;0.0167141302257835;0.0164338314421358;0.0161120353254397;0.0157228451729868;0.0152556423984211;0.0147188305954058;0.0140802754812308;0.0133248748161904;0.012565307861705;0.0118940637987284;0.0113999292857126;0.0111430020541752;0.0111775869237187;-9999
9500;0.0173012556206179;0.0172847717626839;0.0172350277173006;0.0171536931139602;0.0170376377585168;0.0168881516177172;0.0166784660788383;0.0164066419498894;0.016088533833207;0.0157072958402148;0.0152509309038309;0.014726162592512;0.014106979631;0.0133644005859267;0.0126163529306076;0.01193665140199;0.0114161839822386;0.0110997286303878;0.011060243755912;-9999
10000;0.0172392936899737;0.017222148910093;0.0171739880652148;0.0170974309677403;0.0169873597308114;0.0168461957637418;0.0166457794645488;0.016382789185875;0.0160719244178118;0.0156934136708565;0.0152461971764017;0.014730792749743;0.0141300105460741;0.0134205171149473;0.0126701221518435;0.011977885920733;0.0114322326421318;0.0110645477302099;0.0109580325478223;-9999
10500;0.0171922516471266;0.0171767473549643;0.0171316105779676;0.017056333864792;0.0169498489386388;0.016810992195115;0.016613198120571;0.016356599539438;0.0160470190097972;0.0156782135119657;0.0152379019410446;0.0147351474020513;0.0141559726177238;0.0134754504767943;0.0127403779332631;0.0120279375222519;0.0114438465007505;0.0110397267632464;0.0108635704909966;-9999
11000;0.0171461264892386;0.0171313142914166;0.0170861704964225;0.0170130238482173;0.0169100247945627;0.016780566191348;0.0165899903904114;0.0163348377049365;0.0160268759448549;0.0156644049395508;0.0152275670648058;0.0147359232215592;0.0141728560948073;0.0135176107628301;0.0128077151549744;0.0121096072808322;0.0114807353570051;0.0110257765278392;0.0107833792024879;0.0107600279344587
11500;0.0173153000256231;0.0172996774278214;0.0172555908405742;0.0171816213297146;0.0170782589803162;0.0169468068156719;0.0167537358706789;0.0164993670464702;0.0161927543666154;0.0158308799578787;0.015402188085993;0.014913025546678;0.0143559534221003;0.0137014983286969;0.0129946730884728;0.0122875731806252;0.0116576225533206;0.0111986366919731;0.0109524064992065;0.0109358058668319
12000;0.0174955105498924;0.0174794982985644;0.0174346857381844;0.0173603965794215;0.0172545958653585;0.0171181387066978;0.0169225885778429;0.0166665607560336;0.0163616233762238;0.0160000159317052;0.0155732350294444;0.0150854424731303;0.0145334814677724;0.0138775905314796;0.0131792338236244;0.0124617933877528;0.0118331534237973;0.0113698948414275;0.0111186235633974;0.0110936691188494
12500;0.0176841095479376;0.0176679700458378;0.0176227602633347;0.0175461855775086;0.0174370639201456;0.0172963796878007;0.0170975658652557;0.0168412338596271;0.0165369545772341;0.016178082547091;0.0157498765839894;0.0152615028348327;0.0147150138178372;0.0140512984119334;0.0133488546052992;0.0126321645658117;0.0120023885811596;0.0115351717508808;0.0112755209010814;0.0112465070354169
13000;0.0178827750437836;0.0178671489210434;0.0178191361938352;0.0177402802822133;0.0176280601091917;0.0174837292241375;0.0172828474527451;0.0170240939715731;0.0167215428451829;0.0163641150245495;0.0159337461502137;0.0154452000372169;0.0148988877418379;0.0142344103930299;0.0135250374584085;0.0128048082388597;0.0121664070191422;0.0116942656388157;0.0114300440015787;0.011404359909846
13500;0.018091882643251;0.0180747093846031;0.0180257904219997;0.017944286846688;0.0178280540114182;0.0176812211974357;0.0174781661229452;0.0172188394184643;0.0169153928670608;0.0165590551855439;0.0161290804904683;0.0156384769386192;0.0150912544442202;0.0144274025883497;0.013712839575442;0.0129873383848865;0.0123411167936324;0.011857318228109;0.0115813395923366;0.0115425853588185
14000;0.018311081540835;0.0182941476994998;0.0182435009431658;0.0181590097070214;0.018039719567916;0.0178903146942028;0.0176851002417278;0.0174246483387895;0.0171191144054535;0.0167600852039105;0.0163327251565759;0.0158446316967345;0.0152953695339442;0.0146314663536903;0.0139119110223978;0.013183852265406;0.0125288400199661;0.01203306111105;0.011740668133308;0.011681363803801
0.4;0;0.05;0.1;0.15;0.2;0.25;0.3;0.35;0.4;0.45;0.5;0.55;0.6;0.65;0.7;0.75;0.8;0.85;0.9;0.95
0;0.0187588285907287;0.0187247397993575;0.0186221468683911;0.0184535272421053;0.0182055280870932;0.0178864715401995;0.0174924706049557;0.0170119211212582;0.0164676086533176;0.0158047409468888;0.0149892178811086;0.0139182814401018;0.0127663827772868;0.0119846404003943;0.0116579847052028;0.0120596482066282;-9999;-9999;-9999;-9999
500;0.0186877912658873;0.0186418737639531;0.0185415452799069;0.0183722491588204;0.0181287454972523;0.0178168357429659;0.0174244527705259;0.0169445341166026;0.0164099570568927;0.0157511422299688;0.0149465749533144;0.0138930429900311;0.0127243061902061;0.0119152658946921;0.0115368153027327;0.011844924012006;0.0130309040476871;-9999;-9999;-9999
1000;0.0185928233733963;0.0185564101552726;0.018453610777122;0.0182847127483806;0.018045136119267;0.0177366278768064;0.0173523329084274;0.0168826206683071;0.0163480639290597;0.0156988348875412;0.0149158488986837;0.0138816874360357;0.012706813529959;0.0118609074809215;0.011426201406751;0.0116385209317291;0.0126765642581707;-9999;-9999;-9999
1500;0.0185256008776127;0.0184906947376643;0.0183871129306631;0.0182182996425276;0.0179730720978598;0.0176592949002645;0.0172750358815908;0.0168160547181536;0.0162952956266646;0.015664789344525;0.014895814190484;0.0138915103855754;0.0127100606752174;0.0118274206796018;0.0113345302015381;0.0114486744411181;0.0123473365980843;-9999;-9999;-9999
2000;0.0184731919261546;0.0184386828155928;0.0183376423005447;0.018174739617599;0.0179345890584736;0.0176266485143056;0.0172397256105552;0.0167677190213404;0.0162341667766591;0.0156289523855753;0.0148772334510682;0.013924705032783;0.0127491178801642;0.0118314703109055;0.0112777871867901;0.0112734325663483;0.0120332798075291;-9999;-9999;-9999
2500;0.0184267684146235;0.0183922262955774;0.018293670378796;0.0181325419161814;0.0179011085719879;0.0175978859685605;0.0172218984172942;0.0167562210456244;0.0162359792120953;0.0156161255960365;0.014874753217836;0.013945598496266;0.0127965175708346;0.0118589888480411;0.0112638470728593;0.0111392357571804;0.0117455807633531;-9999;-9999;-9999
3000;0.0183885392318477;0.0183556786233588;0.0182600466351093;0.0181058322010525;0.0178802433235346;0.0175894183037694;0.0172214071890791;0.0167675588112476;0.0162615376817139;0.0156533400028814;0.0149415976581446;0.014017726227727;0.0128829329452143;0.0118981692037464;0.0112413427013493;0.0110407725497503;0.0114885362187303;-9999;-9999;-9999
3500;0.0183619059068293;0.0183294779984671;0.0182369924453927;0.0180859877858431;0.017867789413548;0.0175821749036271;0.0172199857082231;0.0167756131917019;0.0162851263730154;0.0156918862592304;0.015017670412304;0.0141260617190769;0.013017721456773;0.011987126997962;0.0112653679561645;0.0109763366497195;0.0112903057304119;-9999;-9999;-9999
4000;0.0183536752885989;0.0183227253432522;0.018230102133073;0.0180800184816236;0.017866242074909;0.01758515514999;0.0172283168403485;0.0167955383573238;0.0163088880479552;0.015733000496915;0.0150895663060857;0.0142314245144458;0.0131532856765764;0.012099499543808;0.0113311287612284;0.0109564887700284;0.0111565694075365;-9999;-9999;-9999
4500;0.0183358127041548;0.0183068623907065;0.0182191006918717;0.0180759722632298;0.0178708948454644;0.0176044508218249;0.0172550801013808;0.0168143439960747;0.0163318288938637;0.015767813058587;0.0151295144990044;0.014324517491924;0.0132768949374951;0.0122217622063134;0.0114161292260298;0.0109785052879927;0.0110640949884416;-9999;-9999;-9999
5000;0.0183060914590566;0.0182767351256738;0.0181940210875326;0.0180581907791937;0.0178628667791289;0.0176036191755974;0.0172649385989107;0.0168398608370655;0.0163666602595413;0.0158169285565595;0.0151850859003065;0.0144117731164066;0.0133901059596561;0.012335865988882;0.0115154827869146;0.0110282453886261;0.0110175527260042;0.0115963528579783;-9999;-9999
5500;0.0182656716295766;0.0182390816097248;0.0181578530979743;0.0180268960355462;0.0178372715147749;0.0175892225767225;0.0172628144835413;0.0168566235509843;0.0163967803272933;0.0158599732468341;0.0152530571807137;0.0145249550012874;0.0135069005645288;0.0124530078490591;0.0115982519911934;0.0110748318977695;0.0109832704748451;0.011443195271457;-9999;-9999
6000;0.0182186187467759;0.0181925928720001;0.018114080631022;0.0179884716090113;0.0178075471390491;0.0175720052515375;0.0172585783219626;0.0168632352079119;0.0164179107413344;0.0158885936976986;0.0153070120173558;0.0146206815547979;0.0136534185298742;0.0125985896890189;0.0117120548806651;0.0111204634285699;0.0109507244416008;0.0112889341162181;-9999;-9999
6500;0.0181691193873884;0.0181440456861328;0.0180693821700661;0.0179491649878921;0.0177743270716415;0.0175488260717798;0.0172479732974763;0.01686356673121;0.0164341208589708;0.0159170057420509;0.0153468057501765;0.0146904446578611;0.0137773802048435;0.0127324570596287;0.0118346114230269;0.0111912844081757;0.010927706334565;0.0111558126366741;-9999;-9999
7000;0.0181182929485846;0.0180937644211132;0.0180219064706968;0.0179050605687568;0.0177362351908833;0.0175195666220028;0.017230302011071;0.0168595260282131;0.0164453656134175;0.0159441800897122;0.0153844505872481;0.0147484927746516;0.0138773553044816;0.0128636692451454;0.0119461533332081;0.0112727444260329;0.0109387198309822;0.0110373204717996;-9999;-9999
7500;0.0180684018592859;0.0180450331423049;0.0179757032235646;0.017862932203835;0.0177001601646902;0.017490166926621;0.0172116419867404;0.0168525257383038;0.0164513047432371;0.0159676116844777;0.0154159018815647;0.0147807301530593;0.0139688143146705;0.0129818911340675;0.0120598704952795;0.0113546096259779;0.0109553228611957;0.0109464021988445;-9999;-9999
8000;0.0180185253712586;0.0179957447323371;0.0179294000838713;0.0178218331087674;0.0176661752607425;0.0174635751890532;0.0171908075027102;0.0168448561935305;0.0164576958015313;0.0159835126215448;0.0154426353536652;0.0148198813879426;0.0140424082000855;0.0130834241908383;0.0121694369937719;0.0114328348523853;0.0109728918387064;0.0108640129795158;-9999;-9999
8500;0.0179741725127099;0.0179523948150094;0.0178891591606769;0.0177860708298605;0.0176371151452728;0.017443187350058;0.0171763810788814;0.0168422482532605;0.0164669348461887;0.0160076396994527;0.0154643896684536;0.0148466973945748;0.014099911866682;0.0131767103486532;0.012274644232703;0.0115130948764456;0.0109961336444531;0.0107984295411462;0.0109994514686594;-9999
9000;0.0179264596355792;0.0179054356122976;0.0178468461754123;0.0177476926853126;0.0176063181459334;0.0174239301670752;0.0171703501314321;0.0168444237388401;0.0164772368837322;0.0160339709959488;0.0154989024281078;0.014882477998277;0.0141415234565514;0.0132571877384629;0.0123666628920074;0.0115836349532388;0.011017918897099;0.0107462633934056;0.0108367126013133;-9999
9500;0.0178803973141409;0.0178613592497793;0.0178039551886446;0.0177103127738222;0.0175764734055321;0.0174039877817655;0.0171608040269464;0.0168459750931732;0.0164831763658712;0.0160503080738349;0.015528244137106;0.0149250298877021;0.0142042886857641;0.0133270239206451;0.0124481467678883;0.0116520573555424;0.0110513338605308;0.0107022912724262;0.0106972520219125;-9999
10000;0.0178297574853044;0.0178098257258196;0.0177543005784052;0.017667489130503;0.0175422656500376;0.0173818274933115;0.017151770190355;0.0168492682713907;0.0164967199060899;0.0160666972532118;0.0155551511298593;0.0149613917881593;0.0142606254696633;0.0134225476238793;0.0125305713980485;0.0117155785021788;0.0110817739069915;0.0106667514973313;0.0105754924840662;-9999
10500;0.0177993940126143;0.0177818033377516;0.0177305670658036;0.0176451661711496;0.0175241488077538;0.0173662401514551;0.0171392927234939;0.0168460434939603;0.0164949338147732;0.0160771362451015;0.015573828151766;0.0149943492669226;0.014319171676511;0.0135149988385881;0.0126394660516767;0.0117887760062882;0.0111020467344923;0.0106398005414852;0.0104610999144491;-9999
11000;0.0177664493182346;0.0177498388722836;0.0176985037551834;0.017616129190219;0.0175002183495228;0.0173554237569462;0.0171390141893305;0.016847292148598;0.0164972542741922;0.0160866235665763;0.0155863692473194;0.0150190944748783;0.0143618182919127;0.0135870320749941;0.0127414875807072;0.0119073174963523;0.0111552123756839;0.0106235910644085;0.0103596603000002;0.0103691999028227
11500;0.0179386502648322;0.0179207519577171;0.0178709468841647;0.0177873502843095;0.0176710027372155;0.0175231049467694;0.0173030092212373;0.0170112960394082;0.0166622828819791;0.0162522139124652;0.0157629698962498;0.0151990241512288;0.0145496168357871;0.0137766903982995;0.0129358158045703;0.0120903453201672;0.011337430889366;0.0108020773329391;0.0105347592772194;0.0105539272786514
12000;0.0181239501937409;0.0181054851592609;0.0180546159156916;0.0179706271545896;0.0178507002864846;0.0176959895815822;0.0174717908789612;0.017176766864384;0.0168291247551896;0.0164190284189297;0.0159315180686581;0.015368917367839;0.0147260384265053;0.0139514207734917;0.0131218378808411;0.0122642345329569;0.0115142156767668;0.0109745025381009;0.0107019082396465;0.0107108096698045
12500;0.0183187482386721;0.0183002639744285;0.0182487824699433;0.0181614829797438;0.0180369199652971;0.0178760867433929;0.017646616399571;0.017350497643552;0.0170027677643875;0.016595732956678;0.0161053701447876;0.0155413896746228;0.0149047709351359;0.0141199121170198;0.0132851954841671;0.0124294264715766;0.0116785686175853;0.0111349499962848;0.0108519974074012;0.0108572325140286
13000;0.0185249369518235;0.0185070689651618;0.0184518613342974;0.0183613781876688;0.0182322228159051;0.0180660092947182;0.0178332477222249;0.0175333616351823;0.017187086899883;0.0167810097549983;0.0162868106019214;0.0157219072765779;0.0150854697613412;0.0142990474057289;0.0134551244939713;0.0125945460817527;0.0118327502755163;0.0112831611313926;0.0109957018200757;0.0110064887096465
13500;0.0187428157972814;0.0187227710736889;0.018666097269539;0.0185718260427931;0.018437109154701;0.0182670684384995;0.0180311808365002;0.0177300630478596;0.0173822384584371;0.0169762654995898;0.0164812335409439;0.0159133127330253;0.0152750417931464;0.0144891638777773;0.0136383224321418;0.0127709346345773;0.0119990357586931;0.0114343300532369;0.0111318921998148;0.0111265777910326
14000;0.0189714002866726;0.0189516713032227;0.0188925929589813;0.0187939951138809;0.0186548080626057;0.0184810148416793;0.0182417645741808;0.0179389910517279;0.017587933828168;0.0171774612184604;0.0166849896051181;0.0161191930447836;0.015477853808064;0.0146916787495313;0.0138341454302533;0.0129632392770158;0.0121802417783234;0.0116003545055514;0.0112769181290146;0.011245054472823
